head,epoch,loss,elapsed_sec,train_mae,val_mae,val_rmse
allocation_qty_log,1,0.0350469991086848,0.35,0.10500227903766575,0.11450160499673685,0.179689690663137
allocation_qty_log,2,0.01700510570428751,0.65,0.08505353667388678,0.09566989721184549,0.15559496965528638
allocation_qty_log,3,0.009321583817418827,0.99,0.06570542636952134,0.08149927123465832,0.13584007204339285
allocation_qty_log,4,0.006022773298662622,1.3,0.05640532904132608,0.07027571615792122,0.12089466678712239
allocation_qty_log,5,0.005556909621928564,1.63,0.06336957602684264,0.0744055528896473,0.12535091349906072
allocation_qty_log,6,0.0047295169863980635,1.88,0.040231180028161104,0.054267715938984516,0.10172453026715104
allocation_qty_log,7,0.004699342702091758,2.15,0.04447804930823587,0.05888054659427516,0.11058874824617573
allocation_qty_log,8,0.003393790973286997,2.36,0.038494742543417,0.05219975367182538,0.09607749543368775
allocation_qty_log,9,0.002984444034255549,2.61,0.0443377957751714,0.056375411308259085,0.10631632753076316
allocation_qty_log,10,0.0026137537368698892,2.85,0.04753505949616256,0.05947840745857285,0.10625834220462846
allocation_qty_log,11,0.0019652996537234306,3.06,0.030893588113834126,0.045101684055418576,0.09237860011309183
allocation_qty_log,12,0.0027324172603047123,3.32,0.03842047816957292,0.05163683780421292,0.09347094303158639
allocation_qty_log,13,0.002004296889931507,3.57,0.028607050787339737,0.042843500176447585,0.089586135585062
allocation_qty_log,14,0.002211984651135973,3.8,0.032181983452865166,0.04448098230619367,0.08566039273097159
allocation_qty_log,15,0.0018861602128989333,4.09,0.03349023543604022,0.04520457313563298,0.08865140311842283
allocation_qty_log,16,0.0017303673701164655,4.36,0.02885828281802795,0.04123071854110378,0.08669477788048606
allocation_qty_log,17,0.0018480595435320113,4.59,0.02029252397030344,0.033570709507330466,0.07991736089015733
allocation_qty_log,18,0.0013086686522328942,4.79,0.021672027512859057,0.034250688224320175,0.07487763902519294
allocation_qty_log,19,0.001351249419964713,5.0,0.028103636565639526,0.039890814450893416,0.08151175577204542
allocation_qty_log,20,0.0017204379414256221,5.24,0.023608966919294653,0.03688886426976717,0.08294349045979688
allocation_qty_log,21,0.0013523928604951448,5.53,0.028226672897996248,0.040145918175069364,0.08054054637588703
allocation_qty_log,22,0.0012948703270823075,5.81,0.02085658754817079,0.033597933662515976,0.07962675452289325
allocation_qty_log,23,0.0014700988918120274,6.06,0.02071519631626845,0.03344805850363725,0.07887272831135658
allocation_qty_log,24,0.0013240790154219683,6.34,0.03283425575948084,0.04278277189447251,0.08438450228315077
allocation_qty_log,25,0.0010146954744270338,6.61,0.015392216974087339,0.02856841725287466,0.07820864711743816
allocation_qty_log,26,0.0009747526400952644,6.86,0.016439230942938546,0.028396145949291338,0.07234401262979527
allocation_qty_log,27,0.0015295264367483096,7.1,0.017765364665246815,0.02996258313426986,0.07303338875132968
allocation_qty_log,28,0.0009673338547997882,7.34,0.01473939410212061,0.027798191436656943,0.07178570984469343
allocation_qty_log,29,0.0008193165803661266,7.57,0.018544934673367208,0.030042200375453597,0.07703398933759126
allocation_qty_log,30,0.0007852234024830561,7.82,0.017935301966326343,0.029081327674449823,0.07459750922101373
allocation_qty_log,31,0.001212679031978202,8.08,0.023054111909447898,0.0338788007098906,0.0770265220121961
allocation_qty_log,32,0.0012501146224752344,8.3,0.02099179730067784,0.031689478118982525,0.07444468527938791
allocation_qty_log,33,0.0008088968431315345,8.61,0.017567033898744634,0.02783346492622353,0.07055040597269477
allocation_qty_log,34,0.0009715254197498157,8.86,0.01845075458513608,0.028467493123253428,0.06857041166855608
allocation_qty_log,35,0.0008659688133189653,9.19,0.019682696568726083,0.02887765900793409,0.06678404761491698
allocation_qty_log,36,0.0006745276170391453,9.47,0.017713488054007572,0.027144093757997968,0.06747633607054522
allocation_qty_log,37,0.0007866887743181589,9.77,0.014524956738465903,0.02432943044372343,0.0665050444650151
allocation_qty_log,38,0.0009319899991459183,9.99,0.012769135776139457,0.024180232603650098,0.0676528982765317
allocation_qty_log,39,0.0006319839016076924,10.27,0.013998327787949145,0.02423171363158862,0.06501249975200356
allocation_qty_log,40,0.0007706287218086789,10.5,0.017284370263428425,0.026811251961037477,0.06730981629825783
allocation_qty_log,41,0.0007132033042095952,10.74,0.014919633620540971,0.02481280388324723,0.06351774972221484
allocation_qty_log,42,0.0007336643154916182,10.97,0.014280461568802187,0.023499119896643186,0.060554027471801566
allocation_qty_log,43,0.0008548458173493398,11.22,0.013330259896813119,0.02212466922931899,0.05777112459407945
allocation_qty_log,44,0.0007337527925123753,11.47,0.01366680823372957,0.02232543992124896,0.06293775177704766
allocation_qty_log,45,0.0005863923812656988,11.7,0.018936660506838992,0.026717073737009992,0.0596019966276297
allocation_qty_log,46,0.000977339081620655,11.95,0.011731090920540508,0.02157798297801456,0.06405941861195813
allocation_qty_log,47,0.0009862263916294665,12.2,0.015664490849595085,0.02342783775253841,0.06514654083652441
allocation_qty_log,48,0.0008484321568989408,12.48,0.013325481807963818,0.020819210713853977,0.05483925197954115
allocation_qty_log,49,0.0005676823986865642,12.72,0.013104301236132779,0.022289356299859085,0.06675335515953229
allocation_qty_log,50,0.0005788203884089917,12.98,0.013980761232712682,0.02229421847596151,0.06006416367830413
allocation_qty_log,51,0.0007779049395399309,13.21,0.009956786443127842,0.019138321551282967,0.06158667850892334
allocation_qty_log,52,0.0006217372083398372,13.45,0.01499478906155752,0.023630313666724224,0.063698802738872
allocation_qty_log,53,0.0005530863517127802,13.66,0.010418634331396394,0.019887532767927422,0.06331152237379443
allocation_qty_log,54,0.0005944678912839931,13.94,0.013588613822730538,0.02161085790771646,0.06187214578726784
allocation_qty_log,55,0.0006267458017402949,14.19,0.015884031590347066,0.023547290418334428,0.060347650224867586
allocation_qty_log,56,0.0007019067755823369,14.43,0.01160113065729296,0.019380116601990304,0.060136052439426074
allocation_qty_log,57,0.0007636596963058652,14.68,0.016570431288677422,0.02432469724443465,0.0629563671393573
allocation_qty_log,58,0.0008050016261856747,14.9,0.020386433788366166,0.02751082631546574,0.0647801740491575
allocation_qty_log,59,0.000549854027358011,15.15,0.012387309467561837,0.021173808097866443,0.06094148047401529
allocation_qty_log,60,0.0005490721154346337,15.39,0.010506018187502462,0.018982512743754627,0.05524561702769105
allocation_qty_log,61,0.0007016622706057534,15.68,0.017174891207452136,0.02322459377682951,0.0586631012727232
allocation_qty_log,62,0.0005127333884622293,15.92,0.010239286782791627,0.01818869766411016,0.057597432882278955
allocation_qty_log,63,0.00047247537102852646,16.15,0.011357156936285433,0.019514657161442604,0.06378131882560298
allocation_qty_log,64,0.00043706743083215464,16.4,0.00994195732021015,0.017480278286899277,0.05475254623215699
allocation_qty_log,65,0.0005626552921203084,16.69,0.01098023109938239,0.018190141274221645,0.05465480008048148
allocation_qty_log,66,0.0003841480580430397,17.0,0.008775740613377723,0.01689947078154793,0.05671950915078605
allocation_qty_log,67,0.000462178374828997,17.32,0.010314964753316586,0.01820254616373092,0.05648296384252257
allocation_qty_log,68,0.00032628171290366784,17.63,0.010908003968325242,0.01904913819244859,0.061392798908087694
allocation_qty_log,69,0.00048188745180356566,17.97,0.01062775177600941,0.017393954410314806,0.052357088625954895
allocation_qty_log,70,0.0003803429364598905,18.32,0.009695459904262845,0.017003907961443607,0.05514584771451143
allocation_qty_log,71,0.0005110877073725464,18.64,0.0095905840549129,0.016767089334792554,0.05758498447854307
allocation_qty_log,72,0.0004359207357355771,19.02,0.010324618818384604,0.017900180569962548,0.053210156245617445
allocation_qty_log,73,0.00041317779602933157,19.4,0.010660652332269146,0.017909434236686804,0.051577886935273806
allocation_qty_log,74,0.00040922107226004645,19.77,0.009777605244886082,0.01751949638290763,0.05377085046749478
allocation_qty_log,75,0.0004513559256483542,20.17,0.012073247407644703,0.018873349258913954,0.054565015275025795
allocation_qty_log,76,0.00040471942043648055,20.57,0.008823889743093744,0.01577819090040758,0.05451732909891006
allocation_qty_log,77,0.0003703592976759489,21.01,0.013352576654040214,0.019022122521554042,0.054373520719677396
allocation_qty_log,78,0.000513691974229425,21.38,0.008987748691077586,0.016941171948824694,0.059146663126982656
allocation_qty_log,79,0.00047182094047791844,21.77,0.009354506300539052,0.016477699283928008,0.05534260780908776
allocation_qty_log,80,0.00038709004930534386,22.17,0.009857167264682913,0.01736384905053701,0.05737660284819026
allocation_qty_log,81,0.00041922205806062273,22.58,0.011211986640419102,0.01818978475065452,0.055920648481630704
allocation_qty_log,82,0.0003884997015434572,22.98,0.008689816928883043,0.015992714724775554,0.05492683666632466
allocation_qty_log,83,0.0004850861680367518,23.39,0.013033105376012497,0.019397951573433873,0.05136709997189653
allocation_qty_log,84,0.00036273221848435533,23.79,0.008136255504034736,0.01507178820322364,0.05263571235878164
allocation_qty_log,85,0.0003896402367774639,24.2,0.013774386963904482,0.019785399678086717,0.05134805673014284
allocation_qty_log,86,0.00044271778759486847,24.58,0.009553590788519983,0.016195201675938367,0.05880481599603489
allocation_qty_log,87,0.0004992344078821314,24.98,0.010943963124922936,0.01752260801338579,0.060365059720626224
allocation_qty_log,88,0.0002980960810514548,25.4,0.007435601876488162,0.014978675743067025,0.05644926243087315
allocation_qty_log,89,0.00040843258608319437,25.75,0.010148262161276957,0.01667530721623638,0.05363666513103519
allocation_qty_log,90,0.0003534990205301525,26.12,0.007163021174659176,0.014396531853816659,0.053293164016990996
allocation_qty_log,91,0.00035060460415472865,26.5,0.009489243104060663,0.01602127118129713,0.052579238024248236
allocation_qty_log,92,0.0003624580067490389,26.91,0.006054557320414275,0.01278063626735003,0.05195273789235849
allocation_qty_log,93,0.00039112856273319617,27.26,0.013602693345569078,0.01993165871529669,0.057445462926803845
allocation_qty_log,94,0.0003407083332434644,27.62,0.009582198803435114,0.01613863639931492,0.058291517312089924
allocation_qty_log,95,0.00048151264281635377,28.01,0.0119677454854226,0.018357971116758125,0.054562119223219144
allocation_qty_log,96,0.0003910950451005561,28.39,0.006051740978340818,0.01372902364765708,0.05607251131481934
allocation_qty_log,97,0.0002974406097546455,28.76,0.008066916334587674,0.015298288597554166,0.05951622229470269
allocation_qty_log,98,0.0003592070312751958,29.16,0.007292478342267679,0.013078926313116515,0.04773443072368562
allocation_qty_log,99,0.0005502617097405515,29.64,0.010896175966247921,0.016811202274419346,0.04938733892327188
allocation_qty_log,100,0.0002962407421237077,30.08,0.009851779909772495,0.01598587074105736,0.052115073399099855
allocation_qty_log,101,0.0003586638153718243,30.56,0.006968042250833301,0.013868694760288717,0.05158524347229383
allocation_qty_log,102,0.00034013484463317023,31.0,0.008320066472598104,0.015129278285332629,0.055159373679361454
allocation_qty_log,103,0.0002988786907651875,31.42,0.01079069422127114,0.01744883967383566,0.055320528503097516
allocation_qty_log,104,0.0002975290342970008,31.82,0.007036972693579496,0.013300097342873778,0.05295905680571571
allocation_qty_log,105,0.00030558861794130856,32.23,0.008924236831740985,0.015632215924919424,0.055316107377595125
allocation_qty_log,106,0.0002945328322447014,32.69,0.008505630866649301,0.015234045743753014,0.05239887035778691
allocation_qty_log,107,0.0003502073198486096,33.15,0.010755629490494488,0.016549347624352152,0.051929009726018424
allocation_qty_log,108,0.0003176122100941856,33.63,0.007124581137601361,0.013854815448456858,0.05253105479266508
allocation_qty_log,109,0.0003582102557797419,34.1,0.008522068011238412,0.015286446734082547,0.05481209455043962
allocation_qty_log,110,0.0002892729918272165,34.59,0.005902353814979204,0.011838707671927165,0.04974711689171443
allocation_qty_log,111,0.0003206770051418355,35.06,0.008470320986339937,0.014740673955321078,0.05055788523008291
allocation_qty_log,112,0.0003204083850847802,35.55,0.007118383354066073,0.013312930482349971,0.04922890660665598
allocation_qty_log,113,0.0003406225043765626,36.05,0.007751648236042365,0.013356217927738296,0.04799229815721349
allocation_qty_log,114,0.00027323217651349944,36.49,0.006503573662492822,0.012567952468132878,0.04794771923337177
allocation_qty_log,115,0.0003402423634499754,36.99,0.006963875223751232,0.012933455116285358,0.0464684194285289
allocation_qty_log,116,0.00027481666952091174,37.5,0.006663529850813517,0.012049079652615908,0.04182733230558611
allocation_qty_log,117,0.0003257825671335434,38.04,0.0053605581373690776,0.012417225212194466,0.05645572392541555
allocation_qty_log,118,0.00027144322223222455,38.62,0.00526284404212509,0.01172615576787997,0.05380518284121805
allocation_qty_log,119,0.0003584033483343516,39.2,0.010758208216560221,0.01674298027670495,0.05195583411090044
allocation_qty_log,120,0.0003584255447917717,39.8,0.007923903521657219,0.013760569538456634,0.04662532761932636
allocation_qty_log,121,0.0003300602426894869,40.43,0.006853276692694979,0.012422739560665596,0.0472122390188037
allocation_qty_log,122,0.00027415096137372425,41.0,0.010184799735413499,0.01622677499655755,0.051499589816311336
allocation_qty_log,123,0.0003090753812746444,41.61,0.011346622565076495,0.016491333883595395,0.04944172876507404
allocation_qty_log,124,0.00029570654265170435,42.22,0.005879654813629833,0.011641955068553709,0.04472464141510567
allocation_qty_log,125,0.0003995741331436894,42.82,0.014916552108713064,0.019990399465621478,0.05429651620478559
allocation_qty_log,126,0.00028457007094137896,43.44,0.011194265755905396,0.01690211139400117,0.055000432939617164
allocation_qty_log,127,0.00024154599921273064,44.04,0.00704415364742882,0.012163810508115575,0.0511500376948844
allocation_qty_log,128,0.0003062983562391637,44.64,0.007241412155372933,0.013271632416345025,0.05426483152160283
allocation_qty_log,129,0.00032271621016360675,45.26,0.009812450407005579,0.015537703537661087,0.04919270530621099
allocation_qty_log,130,0.00037116264572976027,45.86,0.012446082710975128,0.01712478694673613,0.053156921223559396
allocation_qty_log,131,0.00032876312547939644,46.45,0.009545372175446938,0.015726390831338637,0.058184310011854826
allocation_qty_log,132,0.00028104292789969833,47.02,0.009893745602914849,0.016154838006759376,0.05813087110826991
allocation_qty_log,133,0.0003647946252443029,47.62,0.007435421846932888,0.013371840557297395,0.05318187392599515
allocation_qty_log,134,0.0002833750498673073,48.22,0.00605648572954593,0.011509731275441866,0.04986355716897778
allocation_qty_log,135,0.0002431144143772381,48.83,0.008895119118775953,0.013822695398812077,0.04735832987308557
allocation_qty_log,136,0.00024899308257246767,49.42,0.00524549536952347,0.011456103088053943,0.049177949303149046
allocation_qty_log,137,0.00036685157832332875,50.06,0.005053873086367666,0.011474598558305767,0.056695305614733155
allocation_qty_log,138,0.00030932169282664365,50.73,0.007644848787764349,0.013206752348116052,0.04830254736403657
allocation_qty_log,139,0.00031264597900686425,51.38,0.006565131989592576,0.012425145101231596,0.05112064969733807
allocation_qty_log,140,0.00026306859104229885,52.02,0.006771053858529197,0.012713531389810897,0.0526712019752969
allocation_qty_log,141,0.00025829007966066505,52.7,0.005966471254442898,0.012240648889106816,0.0530282918024909
allocation_qty_log,142,0.00030584771114346436,53.36,0.006007218196007632,0.012324829537623419,0.05362972354660578
allocation_qty_log,143,0.00025384691701946585,54.08,0.008888168939608034,0.014791362759532621,0.054405567195274666
allocation_qty_log,144,0.00023039043680290675,54.81,0.00807055006711965,0.0136811466589499,0.05222994599004491
allocation_qty_log,145,0.00027046964129681845,55.57,0.006721649970513797,0.012421831551200071,0.051498135671810746
allocation_qty_log,146,0.00022789597784377168,56.38,0.005318934487402764,0.011601363250826882,0.05537883081028017
allocation_qty_log,147,0.0002695113045612896,57.14,0.008681474040769457,0.015145491827202394,0.053995302914613984
allocation_qty_log,148,0.00023614099353041907,57.85,0.006580386898379497,0.011786462770616138,0.04679105098748293
allocation_qty_log,149,0.00033855827411076125,58.59,0.004891124165997054,0.0112002406007413,0.05453375461547921
allocation_qty_log,150,0.0002236620238451361,59.32,0.0054456031981361805,0.011394991719565237,0.0488147089225801
allocation_qty_log,151,0.0003051599078900098,60.11,0.00425163093122397,0.01081761083932649,0.053543558783683935
allocation_qty_log,152,0.0002313478565223277,60.94,0.00454082394235884,0.010295647998278552,0.04590464469283199
allocation_qty_log,153,0.0003272846680996057,61.73,0.01088782671704331,0.01695823115237127,0.055110161248743475
allocation_qty_log,154,0.00025418875499237783,62.56,0.005486736867811677,0.010952509071570046,0.04911837063657617
allocation_qty_log,155,0.00025404480826625924,63.43,0.005313915741853814,0.011221535891693701,0.051828291108302414
allocation_qty_log,156,0.00025173499758443887,64.32,0.005261933175807667,0.0103822292560074,0.045320048006030726
allocation_qty_log,157,0.0002589493612678327,65.2,0.005782369317281863,0.01194269939489284,0.05171756272729321
allocation_qty_log,158,0.0003047340269709192,66.06,0.008538766680896164,0.013628859124170632,0.04896043805909807
allocation_qty_log,159,0.0001908744739182984,66.91,0.004371699996986346,0.010367426555936306,0.05014284312596851
allocation_qty_log,160,0.00030655672675690497,67.8,0.006387065029652192,0.011557692911772678,0.04539071108224823
allocation_qty_log,161,0.00020902406067548418,68.67,0.004016958067809375,0.00926305137219621,0.04213468505475627
allocation_qty_log,162,0.00021750659788497028,69.56,0.0052039832658016694,0.011426351818924308,0.05159110465186854
allocation_qty_log,163,0.00022048521426496883,70.52,0.005719657080714496,0.011863863682918061,0.053377413828653957
allocation_qty_log,164,0.0002493941806790994,71.34,0.010172897509690713,0.014644696896196654,0.046085278804768856
allocation_qty_log,165,0.0002080631840984527,72.18,0.006145986876533067,0.011931518617188986,0.054306578152501006
allocation_qty_log,166,0.0002607109573953202,73.0,0.005396924659431659,0.011521245431662072,0.05261328290564261
allocation_qty_log,167,0.00030363730446446513,73.81,0.008243471319960229,0.01418623059357363,0.0528469526479475
allocation_qty_log,168,0.00020076965596145738,74.66,0.007687509984872805,0.012915562211571297,0.050319349436391915
allocation_qty_log,169,0.00023621633024805699,75.51,0.007850882928684601,0.012769858166323176,0.05105585313079673
allocation_qty_log,170,0.0002398334093061622,76.36,0.007167007824376796,0.012387602495602293,0.049568119252816
allocation_qty_log,171,0.00024029103858616126,77.24,0.007627200470125331,0.012687741859584028,0.05044748660638999
allocation_qty_log,172,0.00022400155203043952,78.13,0.009699406154016512,0.01549558257494603,0.053508236202630045
allocation_qty_log,173,0.00023394554491889792,78.98,0.004558957829459879,0.010261628015612353,0.05005035349739855
allocation_qty_log,174,0.00016734369522518173,79.85,0.005472009478984401,0.009864631097801673,0.03941110713928173
allocation_qty_log,175,0.0002248138999856292,80.71,0.007042173914140219,0.012422552566293743,0.05165626938592152
allocation_qty_log,176,0.0002534898941637574,81.57,0.009117286999111185,0.013501963347672006,0.03970304868676677
allocation_qty_log,177,0.00022750069078281628,82.44,0.002941809331000812,0.008264666038087183,0.042303761353716045
allocation_qty_log,178,0.00014759077484038905,83.3,0.0033391045536883533,0.00896930815164916,0.051902282568683886
allocation_qty_log,179,0.00020981372595916623,84.17,0.006718294180911531,0.011133636179200556,0.04098874598869211
allocation_qty_log,180,0.00021739588681036446,85.03,0.004039914214128697,0.009769139035314208,0.045797054087836374
allocation_action,1,0.2090283665460503,0.22,0.03324176214822325,0.04197964040632635,
allocation_action,2,0.04455703546591147,0.48,0.013262616931358887,0.02256445144842139,
allocation_action,3,0.023495518655615295,0.72,0.006335567708202128,0.014709098719091051,
allocation_action,4,0.015341840169477339,0.94,0.00555348823469001,0.014051518972610757,
allocation_action,5,0.01091504808257424,1.17,0.006253806643824889,0.013950231049116885,
allocation_action,6,0.00950980312118791,1.42,0.004378612673357546,0.013902882198247589,
allocation_action,7,0.010925348544437991,1.64,0.003813360126978338,0.013808081332166773,
allocation_action,8,0.009334490441775005,1.89,0.0033177628895816446,0.013576693887410488,
allocation_action,9,0.007823734308031556,2.17,0.006391411925082235,0.01570128797737861,
allocation_action,10,0.007080115239617586,2.41,0.002837915525530824,0.012447804573179636,
allocation_action,11,0.005552606640209513,2.62,0.003371662901412311,0.012629261220915622,
allocation_action,12,0.005891663559131451,2.9,0.0017620881512010196,0.012361103119377582,
allocation_action,13,0.0064680400715730335,3.14,0.004638841230415545,0.01415955469350482,
allocation_action,14,0.005538574044944971,3.36,0.0005083414861639808,0.009853169299115517,
allocation_action,15,0.00983922978709563,3.6,0.0018956684641291183,0.008859878590848053,
allocation_action,16,0.008342940704896806,3.8,0.0012448552814845113,0.008281232196244173,
allocation_action,17,0.006733497312844991,4.01,0.004050932836738157,0.012899508776220864,
allocation_action,18,0.006598267495025532,4.23,0.004048612702697247,0.013237485596406725,
allocation_action,19,0.006242214952565116,4.51,0.0024564183129410825,0.010098349359795762,
allocation_action,20,0.0036134693168971056,4.77,0.0019615240941690424,0.007499156408894777,
allocation_action,21,0.0056058625523412444,5.01,0.0025317482639368714,0.010182080455094894,
allocation_action,22,0.0037125344575544574,5.24,0.0024836217887312917,0.009782566820183252,
allocation_action,23,0.004691962899849148,5.53,0.0005394200953219389,0.0060426077782962245,
allocation_action,24,0.003341176982090492,5.81,0.0017740978062962304,0.009289266350596879,
allocation_action,25,0.008889612481484071,6.07,0.0021641247741277596,0.010466833522131989,
allocation_action,26,0.008583353796699998,6.32,0.0009891888615818267,0.007078619335513402,
allocation_action,27,0.004764595542574246,6.57,0.0006077944770510407,0.00758697875693742,
allocation_action,28,0.002540487631312897,6.78,0.0012236453952494866,0.005426553903868214,
allocation_action,29,0.0046595616361312184,7.07,0.0038258541185275234,0.013777197983053905,
allocation_action,30,0.005953751703174472,7.33,0.003504707562568742,0.01037927883065809,
allocation_action,31,0.004944473056641464,7.61,0.0057382255513394355,0.01431176298902492,
allocation_action,32,0.003036170809192584,7.82,0.0005785672797955671,0.00699441510092258,
allocation_action,33,0.009212604022151391,8.04,0.0014982747194606113,0.010010416841344627,
allocation_action,34,0.003779109424237268,8.3,0.002179300016230012,0.009780552452901528,
allocation_action,35,0.002920069393619459,8.62,0.003966916785327835,0.010923833498715273,
allocation_action,36,0.007376357896783091,8.85,0.00041238752805663673,0.005616552539909852,
allocation_action,37,0.002431403120336126,9.06,0.0016335101503343976,0.006383684404141181,
allocation_action,38,0.0036057327911208814,9.28,0.00018266615601454344,0.005799431662062329,
allocation_action,39,0.006264545889371139,9.52,0.00041814480691439686,0.005790140526711543,
allocation_action,40,0.0026727058072100076,9.71,0.0017174199935212694,0.0074339743512181426,
allocation_action,41,0.0024303583538813037,9.99,0.0011686062254578355,0.008219665235800021,
allocation_action,42,0.003774618033610867,10.25,0.0008116670616370112,0.00482775548467553,
allocation_action,43,0.007945202642890059,10.51,0.0009757965437848288,0.007015750824665127,
allocation_action,44,0.003662280716988397,10.74,0.0005343005986370532,0.0051459223048075445,
allocation_action,45,0.004319753208285193,10.99,0.0006838021783729236,0.0045451172530291475,
allocation_action,46,0.004850300832233907,11.26,0.0006637393085874084,0.0046174506058171295,
allocation_action,47,0.004058361742918676,11.5,0.0008849797922480065,0.005325315201666226,
allocation_action,48,0.005397902946029296,11.73,0.0015259575760675275,0.0066312901032387845,
allocation_action,49,0.006255208171364741,11.99,0.0032305033991321948,0.011723615830596114,
allocation_action,50,0.003317771549710308,12.21,0.00279697742554231,0.009133102836710537,
allocation_action,51,0.002454773383386995,12.48,0.0011814717738282683,0.005930963067740372,
allocation_action,52,0.006440612124516477,12.73,0.003262738190866938,0.01100221264338233,
allocation_action,53,0.004169387943346734,12.97,0.0008218394380428959,0.005411432723996676,
allocation_action,54,0.003504832805830105,13.17,9.941433337910585e-05,0.0070922220080533475,
allocation_action,55,0.005335238094617483,13.43,0.0005263575555645834,0.007059084283234059,
allocation_action,56,0.002952869306194953,13.73,0.0018215879893750471,0.009609871572499236,
allocation_action,57,0.006096899274777393,14.09,0.0009062891813198292,0.005341107168018386,
allocation_action,58,0.0018669918282186073,14.33,0.0013557114363501313,0.00706729801817999,
allocation_action,59,0.008183360860588495,14.57,0.0006335173089357523,0.005894117628334151,
allocation_action,60,0.0023352382572724684,14.83,0.0005398995686068173,0.006307234043954915,
allocation_action,61,0.0035388106745219035,15.1,0.0009639452008008204,0.0067068119469831135,
allocation_action,62,0.0045789577762495,15.36,0.0012760137145112608,0.007013359799917742,
allocation_action,63,0.0028740155041174693,15.65,0.0012502827460976957,0.005306647651946737,
allocation_action,64,0.002560717883786527,15.92,0.0009893999768223964,0.004707167499811232,
allocation_action,65,0.0026075514223245977,16.24,0.0005233028198929141,0.005378500884149886,
allocation_action,66,0.0019773687002432043,16.55,0.0007013942917175668,0.005639172363883152,
allocation_action,67,0.0052219502768304695,16.91,0.0003749615880374335,0.00563146704795302,
allocation_action,68,0.003130951045876682,17.24,0.0016910298410011172,0.009742421419509114,
allocation_action,69,0.0008577395404199133,17.53,9.428927558368497e-05,0.006673772731298564,
allocation_action,70,0.003404368692878953,17.85,0.0010073589868482592,0.006110949868590579,
allocation_residual,1,0.497501436210658,0.41,0.2647762289182769,0.2868166460559286,0.5609716844685871
allocation_residual,2,0.23483239441385997,0.8,0.281489587996453,0.2983289947832949,0.652003461539246
allocation_residual,3,0.22115321513137617,1.25,0.29266679204363744,0.3094500198109822,0.611967924871926
allocation_residual,4,0.21263658745851233,1.54,0.23807908859437887,0.25099108519650526,0.5748393439620809
allocation_residual,5,0.25711835151389395,1.92,0.24467098869816636,0.26491779623183287,0.5610836888226483
allocation_residual,6,0.26142615453572676,2.25,0.2354291001760657,0.24634521233092874,0.5658011840833499
allocation_residual,7,0.30099875393043896,2.59,0.21638191162088252,0.23407725107443034,0.5347302688175647
allocation_residual,8,0.2442742325663572,2.95,0.22328456736038943,0.22922195281554344,0.56843693783281
allocation_residual,9,0.25629843713006856,3.33,0.1890009960193682,0.20944833270895352,0.5251865941870991
allocation_residual,10,0.23190260261147888,3.66,0.1805015474936428,0.19736987724457286,0.5137103489996585
allocation_residual,11,0.19628235468402486,3.98,0.22254508366147785,0.23471791845581336,0.5453796947277595
allocation_residual,12,0.20666905979592481,4.34,0.18076264853396637,0.20248560116634073,0.5270137718481608
allocation_residual,13,0.22030998595360748,4.63,0.17680523296457964,0.1916725732979678,0.515876745118506
allocation_residual,14,0.1466267419524811,4.92,0.2130608105926035,0.23349134453907874,0.5312077980161999
allocation_residual,15,0.2051716092501066,5.22,0.19186204827034545,0.21067379198870959,0.5646923766500801
allocation_residual,16,0.0934224344276467,5.52,0.2224257275393323,0.24347835358378436,0.6052686901734001
allocation_residual,17,0.1390916798912333,5.81,0.178516548920799,0.19715664326683946,0.5205996399197171
allocation_residual,18,0.08943414172544903,6.11,0.15870503732262353,0.18138940797124267,0.4936284828795008
allocation_residual,19,0.06764600628140248,6.41,0.15166278235550165,0.17900308125899322,0.5031619663491266
allocation_residual,20,0.08020872616032913,6.75,0.1363866234117262,0.16548052232592908,0.4898650894859124
allocation_residual,21,0.07458357603075863,7.05,0.21304893917880238,0.2349499090708677,0.5017200200778117
allocation_residual,22,0.05530201100786309,7.38,0.19732882583495476,0.21671596235029764,0.5398868962561093
allocation_residual,23,0.057701210957717415,7.68,0.17837607628428684,0.19593209188595395,0.4558637270554039
allocation_residual,24,0.0312601356544031,8.0,0.11285215575242528,0.14456644180307207,0.3697284441877197
allocation_residual,25,0.03546330507828273,8.28,0.13863549213179915,0.1683205971749019,0.4357768156389169
allocation_residual,26,0.029358572921198006,8.56,0.1297579624905397,0.1489972063870691,0.45543463910320664
allocation_residual,27,0.2522820446046539,8.85,0.19048703419650376,0.2102385356260395,0.5349765503459801
allocation_residual,28,0.09676510718017844,9.15,0.15567426188744693,0.181280967517004,0.44283804718650327
allocation_residual,29,0.042540357127894265,9.46,0.15196479336850763,0.17721929446341167,0.4602204146386857
allocation_residual,30,0.03072305422097669,9.75,0.12443355463543736,0.15867394509234695,0.45128941290858315
allocation_residual,31,0.0248215220176321,10.06,0.11693605222316342,0.139401283482805,0.41864079224197687
allocation_residual,32,0.10307636001683212,10.37,0.15428231842385703,0.17741599724175106,0.4429607396977891
allocation_residual,33,0.056240767859818803,10.67,0.13326082671768597,0.16342647077779282,0.4399296609121875
allocation_residual,34,0.040546249196406106,10.97,0.10145327891374671,0.13479214504485182,0.4017628937486149
allocation_residual,35,0.04345630586605115,11.28,0.1438292505787797,0.17101361807192123,0.5509717825546097
allocation_residual,36,0.05079775789479995,11.58,0.11177333647554571,0.14391648787097047,0.4348779794927592
allocation_residual,37,0.018582055141437608,11.91,0.10190894437823605,0.12737517508896296,0.45939451127365616
allocation_residual,38,0.28282916499180827,12.21,0.1554854554762591,0.1802127970987211,0.4633443786951115
allocation_residual,39,0.050981913532533285,12.5,0.13076009977090366,0.15531713571333006,0.4093193996588868
allocation_residual,40,0.11042622729167717,12.78,0.10313176375282129,0.13496085476932004,0.41801451631443753
allocation_residual,41,0.045766526960327375,13.2,0.12787475366534093,0.1580135829649272,0.46311512160191104
allocation_residual,42,0.057955153756236534,13.51,0.09046533483712332,0.12568501613405172,0.36132208206590083
allocation_residual,43,0.03405753146242831,13.85,0.1258961034627014,0.15591008287016192,0.49563054550321467
allocation_residual,44,0.031944778448620356,14.17,0.08062770201075911,0.11941392532816682,0.3409105401796697
allocation_residual,45,0.030178657255344767,14.47,0.14422193731476773,0.1672626846734607,0.4976398802814816
allocation_residual,46,0.1909202524623197,14.76,0.09437408092709967,0.131021553205324,0.3977066331474255
allocation_residual,47,0.06378390062519025,15.04,0.08356811374006666,0.1219336396430959,0.3631796647537083
allocation_residual,48,0.021619901837495546,15.36,0.10010116451143994,0.13734368370418457,0.4112769999710076
allocation_residual,49,0.03457831500323991,15.66,0.0693206864509066,0.10974664454582046,0.3801860733448544
allocation_residual,50,0.019569695166701893,15.97,0.06779000545383976,0.11016782407740776,0.31350827969348
allocation_residual,51,0.02316977853014233,16.27,0.11129901762453417,0.13886660228480058,0.4784018171860441
allocation_residual,52,0.09363649366552831,16.57,0.08531472679136082,0.123829700274218,0.39232097727766196
allocation_residual,53,0.034370851579864296,16.92,0.0978314384549024,0.1259151482411996,0.3707990750945501
allocation_residual,54,0.024750548775445767,17.28,0.07717282454706705,0.11428273946720127,0.37361619057153206
allocation_residual,55,0.014673651487102772,17.65,0.10412725283147006,0.13520682378983243,0.39121180230596087
allocation_residual,56,0.08274230880102852,17.98,0.09565358771800794,0.12500833704908168,0.4017541480477195
allocation_residual,57,0.030080364722338555,18.31,0.09298989891930835,0.125308729858801,0.35372210539719184
allocation_residual,58,0.01633869702494346,18.6,0.08227601523018174,0.11293322159759213,0.3418076955707381
allocation_residual,59,0.01349286982759981,18.96,0.06070904913330038,0.1026285565530219,0.3183234939936218
allocation_residual,60,0.021651646046490017,19.3,0.11332935166163728,0.13848793312606006,0.45371388583568656
allocation_residual,61,0.099028882368271,19.63,0.08977260538667234,0.12496012744275625,0.3744542666700416
allocation_residual,62,0.016945440024963798,19.91,0.06413648458819116,0.10451440028536192,0.3512330706083236
allocation_residual,63,0.010855624320445251,20.21,0.058071277851057784,0.09784245765662788,0.3136237335488509
allocation_residual,64,0.033183294085875926,20.54,0.10704068249197485,0.13355228427119828,0.46024820185957543
allocation_residual,65,0.09961093553530975,20.87,0.07872770981655486,0.11320837867068621,0.3634862855232778
allocation_residual,66,0.018917773279427817,21.26,0.07967292064569739,0.11253316906877704,0.3283534941240719
allocation_residual,67,0.019535467914148362,21.65,0.08971617040784574,0.11527061972691811,0.3171296706842174
allocation_residual,68,0.09723983558904162,22.01,0.06813540940221657,0.1084458726534662,0.3547606905650265
allocation_residual,69,0.024244414088326456,22.38,0.10154623018764233,0.13030945205801875,0.38880063985350427
allocation_residual,70,0.01364495183499617,22.73,0.06202107117459125,0.10853286630581449,0.33168317823177523
allocation_residual,71,0.013771324977021271,23.09,0.08371105175696074,0.10971031796882609,0.3627013095283552
allocation_residual,72,0.08469655210892936,23.48,0.07191488960667515,0.10956987379812032,0.3213837885178979
allocation_residual,73,0.016435678858707035,23.84,0.06961737931206426,0.10467738601490943,0.29817937811328626
allocation_residual,74,0.02184129720242675,24.2,0.10469282645307468,0.12826787356141064,0.42002387475149694
allocation_residual,75,0.09522954925802228,24.57,0.06105511633351949,0.09792575036373774,0.3089409710175784
allocation_residual,76,0.0148571978432867,24.92,0.08558063399427557,0.11796365695142859,0.3646987090101526
allocation_residual,77,0.022443946316979737,25.29,0.0766861786924689,0.106265144579901,0.3361089321314883
allocation_residual,78,0.047151988682061954,25.65,0.061378474752241736,0.09772393683261735,0.30690873936937935
allocation_residual,79,0.01864505493362879,25.97,0.068273372985712,0.10341518206630394,0.3243661902281093
allocation_residual,80,0.009846801718953142,26.31,0.08926686109420058,0.12218761173000517,0.38163432253763957
allocation_residual,81,0.053112125052656466,26.7,0.0595981940101506,0.09711847336482209,0.29474813278965395
allocation_residual,82,0.016197490080412328,27.08,0.05716076973804576,0.09215635299576307,0.2966894019253192
allocation_residual,83,0.008905441166167979,27.47,0.05817782885289207,0.09435798671632545,0.27403038564162013
allocation_residual,84,0.04422514019214084,27.86,0.06425741744903664,0.09824193523273173,0.33959333084367155
allocation_residual,85,0.014246685276122628,28.23,0.06204490791736419,0.09421285435858578,0.2780292638460525
allocation_residual,86,0.0565889919033341,28.61,0.06573229562628051,0.1011105363880695,0.3135342409049464
allocation_residual,87,0.017456076316186845,29.0,0.056146711287830345,0.09270026898908558,0.3158981733728454
allocation_residual,88,0.01115286429406865,29.4,0.09635309528370953,0.1250208892486325,0.3677281233695115
allocation_residual,89,0.056917129088906296,29.75,0.06633633369380076,0.10356308981404151,0.34767407546133616
allocation_residual,90,0.018895502489570948,30.14,0.05591353107695066,0.0916864722789964,0.2895595571766888
allocation_residual,91,0.007324187065789103,30.5,0.05652754936221015,0.0983754925243778,0.29304487469612156
allocation_residual,92,0.013159269541488994,30.88,0.06320349907933877,0.09280177588518111,0.24755554884493947
allocation_residual,93,0.056918930839172203,31.29,0.052905077767389654,0.0914075601930142,0.27978863517690833
allocation_residual,94,0.009292918363450453,31.64,0.0498003068855398,0.08787066592224713,0.26231662049620913
allocation_residual,95,0.012367988525338831,32.02,0.0916487577158364,0.11966588517360824,0.3764825185644045
allocation_residual,96,0.0797275776162046,32.35,0.058414456480107034,0.09666184259757984,0.29158164583194285
allocation_residual,97,0.01567163611958446,32.73,0.06169551188752302,0.09909059301319928,0.31885625575110577
allocation_residual,98,0.0073771970458252146,33.09,0.0567271927734921,0.09925967368090195,0.2998830643375557
allocation_residual,99,0.02973896011392602,33.47,0.07792223307475958,0.10813835998565206,0.3239457214508164
allocation_residual,100,0.021116136067140717,33.85,0.05559442020403645,0.09160173803957691,0.3093141026826089
allocation_residual,101,0.01213932053399862,34.27,0.07961386794769136,0.10683698136266431,0.37345264126049166
allocation_residual,102,0.05407495456881607,34.7,0.04795996055598272,0.09117796302160666,0.2850320017583873
allocation_residual,103,0.015052095552861777,35.15,0.05666496831499026,0.09163646795980712,0.3044034481427025
allocation_residual,104,0.014430082814560066,35.6,0.09417335247945915,0.11925076271598886,0.36749684257128523
allocation_residual,105,0.03630755712645123,36.05,0.04645993752487562,0.08693919228068714,0.2966477150140753
allocation_residual,106,0.013940615904305786,36.51,0.0787527751855657,0.10986123168475563,0.3618428194415555
allocation_residual,107,0.012296790714876348,36.98,0.0751062980062091,0.10637667632521121,0.2881795257082161
allocation_residual,108,0.034986045359353395,37.43,0.04907188237138889,0.08712111097205692,0.2924786904138671
allocation_residual,109,0.014538728376402977,37.88,0.06842720733985615,0.10029807272195533,0.32372441394551127
allocation_residual,110,0.01032209856979472,38.3,0.09202634314172488,0.11878122706475638,0.2983586827934435
allocation_residual,111,0.08206496351410626,38.76,0.05326210973350636,0.0906121337456312,0.29325692209405874
allocation_residual,112,0.01394737507797105,39.21,0.05727225195271564,0.0919181958691402,0.31103438787671017
allocation_residual,113,0.009512760131902363,39.68,0.10102822948986308,0.12724666735079854,0.3613209724779994
allocation_residual,114,0.04690446866892804,40.09,0.057387758191082876,0.09253594530004383,0.31931432938201276
allocation_residual,115,0.01159158429267371,40.55,0.049419602245849494,0.08569772298781114,0.28618904726672356
allocation_residual,116,0.010407901665416405,41.03,0.08685684431701704,0.11713667680796205,0.37106108599571463
allocation_residual,117,0.0628078274219979,41.52,0.04841565924070724,0.08844406478434766,0.27782882005763276
allocation_residual,118,0.010547043328075907,41.99,0.050791060021325066,0.08742438963704104,0.29116319996986173
allocation_residual,119,0.01161796996591957,42.44,0.07151466540940639,0.09864885026896893,0.26638530832923923
allocation_residual,120,0.051530362235341735,42.91,0.07045521522842234,0.10284885395579615,0.34906825690152343
allocation_residual,121,0.008618364097973508,43.36,0.050076809028367295,0.08649825217926545,0.28022861217643985
allocation_residual,122,0.00853186814191245,43.84,0.0893808564039406,0.11321796901196277,0.3833835629215131
allocation_residual,123,0.045211399972089665,44.29,0.050046411383785225,0.08760493271734995,0.296884269134378
allocation_residual,124,0.009589160547287444,44.76,0.041846834825488316,0.07902247285942118,0.2690679640183728
allocation_residual,125,0.01576280322574281,45.23,0.06546886240093241,0.09666166929406303,0.36410072225771295
allocation_residual,126,0.016410133000565753,45.69,0.06318409767204439,0.09020376200128821,0.3293779228486331
allocation_residual,127,0.03141061397517531,46.17,0.05183756444700971,0.09110295605999678,0.2912063847905074
allocation_residual,128,0.006563505737892898,46.62,0.042072979316863095,0.07974976237407054,0.24709307820835227
allocation_residual,129,0.007665100226741039,47.1,0.05867374897059487,0.0896667271196913,0.345900995329301
allocation_residual,130,0.027405757133788414,47.58,0.04348655730179321,0.07786249761845071,0.2903740881370877
allocation_residual,131,0.00865804229498117,48.07,0.06382620219808403,0.09293794810913689,0.2900476674313757
allocation_residual,132,0.050065872683644055,48.57,0.05768195953147391,0.09502069530709603,0.2981184386891364
allocation_residual,133,0.006434702573339102,49.06,0.03913510740178737,0.0761473371107995,0.25073187471147124
allocation_residual,134,0.007324526724797454,49.54,0.04879238729294974,0.08168970471896966,0.2592185476948344
allocation_residual,135,0.04177676424624254,50.08,0.05602045472669872,0.09285137428504533,0.31619903880141575
allocation_residual,136,0.011617074264420239,50.58,0.04492537678539465,0.08103065978509776,0.2653508654781165
allocation_residual,137,0.010328870499292351,51.09,0.05529464823988689,0.08498183966533465,0.2861899065599863
allocation_residual,138,0.04201650248719724,51.61,0.05633101324192396,0.08985217298324553,0.3016537921291101
allocation_residual,139,0.01306021020440448,52.1,0.04053395752386964,0.0796334576238208,0.279152696762993
allocation_residual,140,0.0073494850297028125,52.61,0.055732804084434845,0.08879862278345507,0.2729286062248241
allocation_residual,141,0.0381484268949254,53.12,0.05811782085842979,0.0941885538514389,0.32041183301682646
allocation_residual,142,0.012277651857168479,53.67,0.04717333092988351,0.08288831192021137,0.27355097386566035
allocation_residual,143,0.008085299022438734,54.2,0.059100723408323716,0.08660508150967916,0.34383089281422397
allocation_residual,144,0.027472639213113728,54.69,0.04920846532616524,0.08406682742159376,0.31506616093001555
allocation_residual,145,0.010060827693937348,55.18,0.05656892069367684,0.09109838186418825,0.34482518451078686
allocation_residual,146,0.009325514583063226,55.72,0.07651386783700166,0.10352692321633895,0.32098946576174175
allocation_residual,147,0.025109407781833768,56.26,0.04267837611186812,0.07942370056893397,0.26764398882378226
allocation_residual,148,0.013133555546279877,56.82,0.05633241131842299,0.08421985754537242,0.26894507941074236
allocation_residual,149,0.023332265574432496,57.34,0.05280372281422916,0.0842560172329051,0.3231611954779173
allocation_residual,150,0.0070230396993751195,57.85,0.05974624842036153,0.09241325751956947,0.3249386110385679
allocation_residual,151,0.012368406264061669,58.39,0.04093208217943713,0.07092328145479901,0.22132320707988473
allocation_residual,152,0.06486466708173234,58.93,0.053853329118562554,0.08682586700078565,0.2886317496392038
allocation_residual,153,0.013119672969587763,59.47,0.038104136703008364,0.07861233406947143,0.26194274438350124
allocation_residual,154,0.007488697953995454,60.0,0.060028299726835196,0.08707559479048363,0.2886935126298908
allocation_residual,155,0.03891920113120569,60.53,0.047091317924849004,0.08427708077728394,0.29095027225081366
allocation_residual,156,0.008477868679838125,61.06,0.04722885448824276,0.08488563045097447,0.32198284638949476
allocation_residual,157,0.00977923236657118,61.59,0.046619255414047635,0.08230045548552707,0.3030957130637154
allocation_residual,158,0.014190771238247631,62.09,0.050198113357672894,0.08287207810617939,0.255540510206444
allocation_residual,159,0.05698728270911259,62.61,0.04302442701247568,0.07888662581211321,0.2757231655025367
allocation_residual,160,0.00964319117345126,63.13,0.05569089504254858,0.08533576044046921,0.29335330163009943
allocation_residual,161,0.04056796704072049,63.67,0.04229167739952809,0.0799520541155239,0.28501028846192
allocation_residual,162,0.010661186045378445,64.19,0.06593078676608839,0.092564222459348,0.33954393467239796
allocation_residual,163,0.027615693675933743,64.7,0.04061476977938192,0.0791696375424173,0.28347124766316983
allocation_residual,164,0.009070078013935279,65.22,0.04665434698384774,0.08128682208578596,0.33875585168077227
allocation_residual,165,0.007907008489919385,65.72,0.04310677856763771,0.08247393922488273,0.3223597175056771
allocation_residual,166,0.012360525540122867,66.22,0.06118433178096866,0.08520496502855303,0.29478501759837267
allocation_residual,167,0.043865868204928604,66.77,0.05499641387659838,0.08819187692987791,0.3295843568467589
allocation_residual,168,0.007962427706505707,67.33,0.035984475688851235,0.07598965323566682,0.28559058382292
allocation_residual,169,0.013068051475988192,67.85,0.05321107610806732,0.07746707683475633,0.25302620374596796
allocation_residual,170,0.029236792303888395,68.39,0.05839822454948573,0.09044814131950227,0.3305017014422811
allocation_residual,171,0.008050348655297291,68.94,0.042312117157777315,0.075750585242344,0.23317993762723518
allocation_residual,172,0.03647868793706866,69.49,0.05765837490239515,0.0922734367524968,0.35092718579071175
allocation_residual,173,0.012007831501859642,70.06,0.0445922788388209,0.08024742844094844,0.31128363951352583
allocation_residual,174,0.009181235281830256,70.61,0.0526701234173129,0.0772142576476765,0.26326936188339856
allocation_residual,175,0.0285967318125685,71.15,0.05164957989289584,0.08341489774789594,0.3185121550566717
allocation_residual,176,0.006462669691891395,71.65,0.03399231709553969,0.07311523499301724,0.2602212617783445
allocation_priority,1,0.029109532169465602,0.17,0.09675866565344907,0.10846486543941974,0.17037398138598245
allocation_priority,2,0.00949589674434837,0.38,0.07155988721590996,0.08105915993839384,0.12813092030704873
allocation_priority,3,0.006059129107141688,0.51,0.06130793128000798,0.07287086496431676,0.11185336782093344
allocation_priority,4,0.004993599217869007,0.68,0.054574857277327346,0.06572725172747756,0.10733408224985058
allocation_priority,5,0.0041451509889826555,0.83,0.04977871755272313,0.0598023613947931,0.09537712820664408
allocation_priority,6,0.0031693019925190516,1.02,0.0440929335356177,0.055579839389823554,0.09137546800280481
allocation_priority,7,0.003251565711926509,1.22,0.04213220431470093,0.05223256829852243,0.08315694499858067
allocation_priority,8,0.0029343953089703166,1.4,0.04056799221637237,0.051513261913087145,0.08529801749032209
allocation_priority,9,0.002524269095465042,1.6,0.03939679832574331,0.05153877657568791,0.0831427566128708
allocation_priority,10,0.0022431917210793007,1.74,0.03636135750635245,0.04856335216986157,0.0807382974709065
allocation_priority,11,0.002321599008729311,1.93,0.03307174693498901,0.045917250268677906,0.08356857446650176
allocation_priority,12,0.002225024255891782,2.11,0.032166164452138796,0.045038627386105604,0.07960302533322286
allocation_priority,13,0.0015414879222903004,2.27,0.031984845851664265,0.04373894364166231,0.07331906533412158
allocation_priority,14,0.0019806398280934534,2.43,0.0358287193422371,0.04705363279472241,0.07825273551907909
allocation_priority,15,0.0013782717765782888,2.58,0.02759724440620477,0.041108697980932175,0.07257296115642403
allocation_priority,16,0.0017586089252260835,2.78,0.02715271372795085,0.03922383618628547,0.06978437911338292
allocation_priority,17,0.0013648048439124628,2.94,0.027525637463932873,0.03889713511756853,0.06850016032257963
allocation_priority,18,0.0015992897120242669,3.08,0.02651296805850783,0.038728133856957586,0.07104869832782505
allocation_priority,19,0.0012128369681476102,3.27,0.025252684863907058,0.038049178839600004,0.07028180202824202
allocation_priority,20,0.001270440249763313,3.43,0.025021785521497034,0.03827353322648141,0.07227383399301562
allocation_priority,21,0.0010384144365414032,3.57,0.027472131202032346,0.03884669831127823,0.07192993806965652
allocation_priority,22,0.0010042978705949303,3.74,0.02445721190373435,0.036283394537838985,0.0671907229085617
allocation_priority,23,0.0009653086791881297,3.93,0.02257867087107287,0.034253163923751384,0.06565818177495697
allocation_priority,24,0.0010351406054555318,4.05,0.022646277966699213,0.03506868387282883,0.06518765940611465
allocation_priority,25,0.0010047745089364877,4.21,0.022495109959274773,0.0339723472658702,0.06480528721247081
allocation_priority,26,0.0010588127888412175,4.36,0.022135270564757434,0.034023173544035425,0.06434655750392049
allocation_priority,27,0.0009467171568346248,4.52,0.022717383181774405,0.033417025244546726,0.06431153324644746
allocation_priority,28,0.000795419730282856,4.68,0.01970355511652137,0.031434675304012324,0.061538191351759676
allocation_priority,29,0.0007929094665488198,4.83,0.019730901231624638,0.03086853403201898,0.06440373333473126
allocation_priority,30,0.0008186376704485322,4.98,0.02153402694863852,0.031894779383495844,0.060706275676171054
allocation_priority,31,0.0007502560746513303,5.14,0.021560220949524936,0.03272825304260168,0.06635486585778437
allocation_priority,32,0.0007400408823086041,5.34,0.01858952487566125,0.02976478335931266,0.060920991832535444
allocation_priority,33,0.0006419492784167557,5.52,0.01963131201639816,0.02929294278184074,0.05827432474644355
allocation_priority,34,0.0006989499151104303,5.7,0.020036214944365333,0.030474160569319928,0.06053006505966147
allocation_priority,35,0.0006877588479409523,5.89,0.021585426304358196,0.03182885551398263,0.060739024640081636
allocation_priority,36,0.0007111002862792382,6.07,0.021622460140056393,0.031773607475255636,0.058168544013159434
allocation_priority,37,0.000625909616693348,6.21,0.019171330838498334,0.028863480204633824,0.0572033871251904
allocation_priority,38,0.0005508205112571457,6.39,0.017541856019682292,0.027852590369474805,0.05773336919733114
allocation_priority,39,0.0006431311862263875,6.56,0.017042112838442928,0.027546712788340703,0.055269937305511684
allocation_priority,40,0.0006782055897573182,6.8,0.016425824511171583,0.027111367816529064,0.057794952730174744
allocation_priority,41,0.0006794752874384585,7.0,0.014035368419250707,0.024430164845641505,0.05534990702484112
allocation_priority,42,0.0006676659252195261,7.16,0.014707327012443856,0.02561700593470568,0.060136884097772236
allocation_priority,43,0.0005565255105456705,7.32,0.0157753247121477,0.025259464238003435,0.0528372086420588
allocation_priority,44,0.0005425570856742006,7.48,0.016422329503755974,0.02686421145574554,0.06016588654010231
allocation_priority,45,0.0004554976900498138,7.65,0.01634387913263161,0.02570054698417099,0.054058307666687906
allocation_priority,46,0.0005034894557581919,7.79,0.017200160148249728,0.026772722207116652,0.0585910156758761
allocation_priority,47,0.00043478275261466486,7.91,0.015552723553268939,0.024942827626509647,0.05363862453985754
allocation_priority,48,0.00045636660917151606,8.11,0.014592988351452502,0.024718701316180217,0.055666074781165815
allocation_priority,49,0.00044819817797134683,8.31,0.012470932416124488,0.021625512228408268,0.05117880577897827
allocation_priority,50,0.0005142427410343258,8.45,0.0144457774575933,0.023940191625348342,0.056137155789563103
allocation_priority,51,0.0004457769376115425,8.58,0.016069755458961527,0.024284995742699773,0.053280500255478334
allocation_priority,52,0.0004987730328415318,8.77,0.01727729473634638,0.026601779658107057,0.05970919782220474
allocation_priority,53,0.0004192519069394947,8.91,0.014262717921741604,0.023461326889073035,0.05285947331498194
allocation_priority,54,0.00044070728150753075,9.09,0.013310141548695852,0.02215387537317156,0.05356059635942925
allocation_priority,55,0.0004243768900522802,9.25,0.013266844780351242,0.022225738352197287,0.05229339154232883
allocation_priority,56,0.0004151135146976902,9.42,0.011052234151420868,0.020542345173985285,0.05510183579852695
allocation_priority,57,0.0003935851233993445,9.64,0.012568088100762093,0.020825349717394318,0.05135278834274465
allocation_priority,58,0.0003627925128091953,9.83,0.01428183353167778,0.02252772553921062,0.0551657390936713
allocation_priority,59,0.0003322441884453016,10.0,0.013017458327231942,0.0213095131851777,0.05170716230201747
allocation_priority,60,0.0003749836195076255,10.18,0.012829235658993878,0.021037671121316836,0.054557462935688764
allocation_priority,61,0.00037269652518661853,10.33,0.011931693752789477,0.020002579059081944,0.05009914544064577
allocation_priority,62,0.00032706723710125313,10.52,0.013292238933325665,0.02054373943537593,0.051797188249808175
allocation_priority,63,0.00041520478151687543,10.67,0.011181946408404485,0.019346411545291944,0.05216403998356859
allocation_priority,64,0.0003839250051952732,10.85,0.010766837179730782,0.018424069176918877,0.049632302813247015
allocation_priority,65,0.0003441303106588624,11.01,0.011435560140075369,0.01885815604040886,0.047935777444815066
allocation_priority,66,0.0003023794012710798,11.16,0.01165649747086208,0.01881087437146382,0.04880892012124751
allocation_priority,67,0.0003657682121407136,11.3,0.012285974653872675,0.01937651220004779,0.048772629027443636
allocation_priority,68,0.0003160519353520923,11.45,0.010639074675522848,0.018219964813433284,0.049685618437168504
allocation_priority,69,0.0002949346184719798,11.61,0.011716461289668963,0.018509260338316385,0.046317843482404294
allocation_priority,70,0.00029643148137583605,11.76,0.010546450267757131,0.018052540987264363,0.04959656612898851
allocation_priority,71,0.0003128269792602625,11.92,0.009828483123279642,0.016834505030018244,0.045950296888329745
allocation_priority,72,0.0003445318298639136,12.09,0.009400057760490032,0.016570917228441662,0.0494840136935406
allocation_priority,73,0.0003048608831985962,12.26,0.00864807778694045,0.015811676582596714,0.04460669242688245
allocation_priority,74,0.0002863650851566961,12.42,0.00964433737639712,0.016615302649057525,0.04815107399597222
allocation_priority,75,0.0003267068037999018,12.59,0.010375913732084088,0.017077741007332763,0.046447845308314265
allocation_priority,76,0.00025446471229559445,12.75,0.009504700781566459,0.01660713562791017,0.04860080357690095
allocation_priority,77,0.00026521640180764394,12.91,0.010020530585618262,0.016753314756087885,0.04607004697110153
allocation_priority,78,0.00023766651466225794,13.08,0.008426657270345963,0.015191424842604119,0.0458477305406065
allocation_priority,79,0.0002994487625471511,13.25,0.00979837831829582,0.01630504056504721,0.04624999809603426
allocation_priority,80,0.00027753776433933115,13.4,0.009365274602048255,0.01598402955938921,0.0472984069642329
allocation_priority,81,0.0002923829404974775,13.59,0.010294881549367713,0.016664311764086292,0.045792034327688004
allocation_priority,82,0.000253694964999032,13.77,0.010632201706630458,0.016731286060378422,0.04678860329134037
allocation_priority,83,0.0002723618513769951,13.93,0.010382929270150025,0.016356736818892163,0.04417540457324841
allocation_priority,84,0.00027221789094567623,14.15,0.008438804973222183,0.014954572826739915,0.04593001911964351
allocation_priority,85,0.000244961971552383,14.31,0.00861667846672991,0.01445950772613979,0.042840344241143254
allocation_priority,86,0.0002681505319076925,14.51,0.009510896033374591,0.015794818714133987,0.0491047599429091
allocation_priority,87,0.00027591011494876755,14.69,0.009063481431234935,0.014667856928811588,0.043064788985093264
allocation_priority,88,0.0002611518292185219,14.9,0.009073742262909936,0.015343886184984796,0.04622601851432915
allocation_priority,89,0.00028891474258009543,15.08,0.009684008140710259,0.014899182262270926,0.043024191836969136
allocation_priority,90,0.0002752259945029539,15.29,0.008290762917802364,0.01417558181711293,0.04340837303398796
allocation_priority,91,0.00025578748964749014,15.47,0.00834375967210824,0.014388445313597996,0.04238560951875071
allocation_priority,92,0.00025172630087659927,15.66,0.010178718860006306,0.01542600871375363,0.04399697045592743
allocation_priority,93,0.00022537038623825077,15.84,0.009674576342558997,0.015147354405360325,0.04396174948852247
allocation_priority,94,0.0002479476131375304,15.99,0.007398412354697494,0.013914494904088451,0.04581096752842718
allocation_priority,95,0.0002449696790370714,16.18,0.007717491592918138,0.014212848748164602,0.04520949076922359
allocation_priority,96,0.00019861162310360836,16.35,0.00833416665536204,0.013989977200773595,0.04388338101468499
allocation_priority,97,0.00025589869261376214,16.53,0.00801370741844633,0.014198889889240528,0.04743400684873705
allocation_priority,98,0.00023733193944291736,16.68,0.007517326835518946,0.013914026504943944,0.047047841695929286
allocation_priority,99,0.00023493626751931794,16.82,0.008185325817156482,0.013567297210839087,0.04264367766799005
allocation_priority,100,0.00022922902071708325,17.02,0.00922894017120046,0.014070419272620784,0.044192242796745836
allocation_priority,101,0.00029661202576385467,17.22,0.007304883535056954,0.013176376976073621,0.043040689821121976
allocation_priority,102,0.0002237161703237658,17.42,0.007608097242538289,0.013267291484279646,0.046663357139634654
allocation_priority,103,0.00037836170112636244,17.59,0.008897179507940237,0.013819968445340338,0.04309149711772898
allocation_priority,104,0.00023176786719576338,17.89,0.007349876877679439,0.012943777162526312,0.043007042231008416
allocation_priority,105,0.00023644772175725128,18.1,0.008783967591361002,0.01406920357190923,0.04285538501282698
allocation_priority,106,0.0002281602286447168,18.28,0.008151772739220237,0.014005797481807735,0.04375038617068746
allocation_priority,107,0.0002011862619763735,18.48,0.007385271685160893,0.012866564885370977,0.043716110742668
allocation_priority,108,0.000212994291954526,18.63,0.007051919836123452,0.013613189521188078,0.04639144175662624
allocation_priority,109,0.0002365188965369935,18.8,0.00683029652168858,0.012022432469197807,0.04137765582642295
allocation_priority,110,0.00023024681791428912,19.0,0.007644618230304543,0.012917928591651029,0.043823536338282294
allocation_priority,111,0.0002129260378329073,19.15,0.007317470257516036,0.012400443849262343,0.0441462752345893
allocation_priority,112,0.00022394379963923392,19.33,0.00686422209899968,0.012189843719355888,0.04350160992199599
allocation_priority,113,0.00019700412270960677,19.52,0.007383843043125274,0.012103858753377415,0.04171131703355681
allocation_priority,114,0.00030438793374370197,19.7,0.00653234469564747,0.012104820161927758,0.04432063107663514
allocation_priority,115,0.00017832395192016217,19.88,0.0074642815313775155,0.012135945681564776,0.042251088397914326
allocation_priority,116,0.00022301522711348106,20.05,0.006921608986884761,0.012102344849053604,0.045101101967892444
allocation_priority,117,0.00019382422362835777,20.27,0.006676448324956098,0.01197380702087144,0.04550517098167558
allocation_priority,118,0.00020622582024783386,20.43,0.0060840949869437645,0.01154661609334556,0.045600803502801504
allocation_priority,119,0.00022181276334378577,20.62,0.006361637847875125,0.011956122633163606,0.0452337298362808
allocation_priority,120,0.00016940348673534622,20.8,0.0064908631429169625,0.011238271191560605,0.042560789587040314
allocation_priority,121,0.00020272930975241593,20.96,0.006802754651176548,0.012137755692467778,0.04215519233447882
allocation_priority,122,0.00018788061401963152,21.17,0.0071712939838684655,0.011980860680120244,0.04314157230312581
allocation_priority,123,0.00018628976781216757,21.32,0.0066628228937786185,0.011270544817477385,0.041994699111898195
allocation_priority,124,0.00019566731816801392,21.55,0.007036687830960494,0.01185631612343459,0.0414134571045428
allocation_priority,125,0.0002476843237790465,21.71,0.007364819717594182,0.012072952259091083,0.04310343062449885
allocation_priority,126,0.0002353217500151194,21.86,0.007323566181562374,0.011992456146358658,0.04105078976124226
allocation_priority,127,0.00021861797826063474,22.02,0.005913037170949651,0.010735454714655498,0.03832706917357774
allocation_priority,128,0.000170267538998469,22.19,0.0060621854443241325,0.010916223691179228,0.03971399191984865
allocation_priority,129,0.0002197244215210418,22.34,0.007077501311407178,0.0116287886909393,0.039767120578155596
allocation_priority,130,0.00019064753344324585,22.51,0.006416566218204809,0.0113397974153819,0.040617139847115534
allocation_priority,131,0.00016052410479359234,22.81,0.0064984310187887724,0.010843768170270648,0.04077667368446251
allocation_priority,132,0.0001810399938858639,22.98,0.007529670099476752,0.012086561969500788,0.044598826912230605
allocation_priority,133,0.00018778189584656754,23.16,0.005844955961079582,0.010652316041129081,0.04195021223025239
allocation_priority,134,0.0001646858234973823,23.33,0.0064534940274033545,0.011013005129654101,0.04222249691713319
allocation_priority,135,0.0002114072149827162,23.55,0.0076969090731134225,0.011838533051005223,0.04338098714416442
allocation_priority,136,0.00020966420361617365,23.72,0.006985598391616686,0.011235843736810698,0.0411232337739445
allocation_priority,137,0.0001965527483235811,23.92,0.007275242328496764,0.011271445471162198,0.03880152461747736
allocation_priority,138,0.00016223852724925092,24.1,0.005758346401273765,0.010331434303591213,0.04152324103454661
allocation_priority,139,0.00015866677436414015,24.26,0.006880868831317786,0.011479306453036088,0.04098744666292606
allocation_priority,140,0.000151157317735857,24.45,0.005877006065216121,0.010128293611805813,0.040073592937522336
allocation_priority,141,0.00015922677838786057,24.6,0.006133727689890888,0.010713094405264582,0.04196509010621206
allocation_priority,142,0.0001388468227709707,24.79,0.006867262034162579,0.010949104799618824,0.040581907218093426
allocation_priority,143,0.00016653360739681626,24.97,0.005643731934568912,0.010265806384603898,0.040732740212853856
allocation_priority,144,0.00019311294119514575,25.22,0.006496811411791497,0.010889061987145352,0.043934425820313504
allocation_priority,145,0.00017399913269984318,25.41,0.0059196056639604375,0.010697915229456905,0.04370061305155734
allocation_priority,146,0.00015783969388799606,25.62,0.0067109617660862505,0.011198347630784887,0.04522973931952128
allocation_priority,147,0.00019284437191173121,25.81,0.006943772307337023,0.011151855319701566,0.041947105188490465
allocation_priority,148,0.00018372946426884195,26.0,0.005986236150266251,0.010184962712197846,0.04159876907429228
allocation_priority,149,0.00014249651227830285,26.21,0.005776757380039803,0.0100203190531178,0.03879525916735824
allocation_priority,150,0.00017833407649935106,26.45,0.005955696313706479,0.010059184388436967,0.0413396093580969
allocation_priority,151,0.000153720682211782,26.66,0.005918664144235259,0.01016025833963272,0.04235608954204399
allocation_priority,152,0.00016267235848821819,26.87,0.005311681061834831,0.010039063272017692,0.04166510595876549
allocation_priority,153,0.00016585373522540938,27.09,0.0065165485986017745,0.01085531689178456,0.042341444840010525
allocation_priority,154,0.0001447979106610894,27.29,0.006078859389870327,0.009999714803547784,0.039459836478171785
allocation_priority,155,0.00017291567429243194,27.47,0.007391036034033253,0.011733294613565256,0.044407886259054716
allocation_priority,156,0.00012833825077744954,27.68,0.005872290025836569,0.010193928886220468,0.04027966127593386
allocation_priority,157,0.00016028513571110715,27.89,0.005893999798239396,0.010174444847403588,0.0413410502064226
allocation_priority,158,0.00014505903625327895,28.18,0.0059867967017306544,0.010143948339808164,0.04083325341037086
allocation_priority,159,0.00013578420845464521,28.47,0.005181859244608214,0.009355004968516992,0.04199633676128629
allocation_priority,160,0.0001519274803624248,28.75,0.0060780410743872925,0.009922811588910316,0.03913358645399902
allocation_priority,161,0.00012037192225353628,29.02,0.005587436765147741,0.00930983798822563,0.03995781028218993
allocation_priority,162,0.00015914346972217965,29.33,0.006390807827317232,0.01080930514983566,0.0431806823147293
allocation_priority,163,0.00013411673183841044,29.62,0.005541144755206339,0.009275618584438445,0.038928717956083984
allocation_priority,164,0.00019033309976143053,29.91,0.006122609924953706,0.010171354407222836,0.04328648136658514
allocation_priority,165,0.00017943685457221084,30.2,0.005643062448764957,0.00958414454212856,0.04072593191570804
allocation_priority,166,0.00015323931968617532,30.49,0.006668933743650165,0.010422474933007743,0.039249414478324245
allocation_priority,167,0.0001957276608139107,30.75,0.006170247727551808,0.010258340759963618,0.041709621531361894
allocation_priority,168,0.00018922361945603324,31.05,0.005524357786775634,0.00981744598762291,0.03985306589163554
allocation_priority,169,0.00018000455881349574,31.36,0.005544382613575867,0.009315806941622611,0.03634040502867463
allocation_priority,170,0.00021609005093289248,31.63,0.006741244895673254,0.010902788618923626,0.04068551618339623
allocation_priority,171,0.00018277523116068395,31.92,0.006497939039843389,0.01059385886702794,0.041045771023464364
allocation_priority,172,0.0001545621094365649,32.22,0.00533224365157964,0.009456396276448545,0.03948717646337905
allocation_priority,173,0.00015436259940873796,32.51,0.005475604489921336,0.009028829315826228,0.038108465028615326
allocation_priority,174,0.00011953491004217116,32.79,0.005114209167041182,0.008978641450558216,0.0398703349374145
allocation_priority,175,0.00014873061276005534,33.06,0.004949815117230487,0.008602021425301054,0.03627299240795179
allocation_priority,176,0.00014566422591573777,33.33,0.00594189458029557,0.009727220392886189,0.03642371827205777
allocation_priority,177,0.00014792687321658044,33.62,0.004977830503117349,0.00874986219389849,0.03754901467442255
allocation_priority,178,0.00014939483344323583,33.88,0.0054877934059436246,0.009858419122743304,0.03974151251216276
allocation_priority,179,0.00015443150695025268,34.14,0.005587837266927969,0.009335125134265333,0.0381749872222399
allocation_priority,180,0.0001397654195648716,34.43,0.00476480843006148,0.008543368477781841,0.03522728021089443
allocation_candidate_ranker,1,1.0740512861832836,0.15,0.6185376387824786,0.6161781036146518,
allocation_candidate_ranker,2,0.2887896231527818,0.3,0.6185371196234987,0.6162033252537137,
allocation_candidate_ranker,3,0.19052948445555998,0.45,0.6185963631676967,0.6162851137723571,
allocation_candidate_ranker,4,0.14090334130666998,0.58,0.6186084113344362,0.6163350158691177,
allocation_candidate_ranker,5,0.1096462966795356,0.73,0.6185370277592431,0.616326554597901,
allocation_candidate_ranker,6,0.0879183655006856,0.85,0.6185726741647425,0.6163573519886465,
allocation_candidate_ranker,7,0.07272217376285708,0.98,0.6183751081042007,0.6163038513850335,
allocation_candidate_ranker,8,0.06057307405605952,1.1,0.6183022607688332,0.6162794477768987,
allocation_candidate_ranker,9,0.05249893410119243,1.22,0.6183402605255074,0.6163040120457348,
allocation_candidate_ranker,10,0.045514141860319594,1.35,0.6183131337047747,0.6162441927355214,
allocation_candidate_ranker,11,0.04149007083194837,1.49,0.6184475920162626,0.6163147516896269,
allocation_candidate_ranker,12,0.03779703599285882,1.62,0.6182806185980502,0.6162136840410664,
allocation_candidate_ranker,13,0.03298780857499048,1.76,0.6181080878013618,0.6161687584508043,
allocation_candidate_ranker,14,0.027905570548235958,1.91,0.6179249025415082,0.6161040950824596,
allocation_candidate_ranker,15,0.0268554693570138,2.06,0.618103498098737,0.6162700572817602,
allocation_candidate_ranker,16,0.023928617963434495,2.19,0.6178643126149573,0.6161411173825879,
allocation_candidate_ranker,17,0.024129210899258124,2.33,0.6179138261656225,0.6162318164244477,
allocation_candidate_ranker,18,0.019905735278840382,2.49,0.6181117168444068,0.6163028357480425,
allocation_candidate_ranker,19,0.01823117314977804,2.61,0.6182436003239697,0.6163617982681471,
allocation_candidate_ranker,20,0.016722650958842,2.72,0.617880114005607,0.6162487077358428,
allocation_candidate_ranker,21,0.01920058985864218,2.86,0.6181373363765535,0.616120222954014,
allocation_candidate_ranker,22,0.015662460654985246,2.99,0.6175735457075116,0.6158989355249298,
allocation_candidate_ranker,23,0.013286508928359163,3.14,0.617753169795144,0.6162466394251176,
allocation_candidate_ranker,24,0.014749094769795374,3.29,0.6183276782934718,0.6163558579224754,
allocation_candidate_ranker,25,0.009739098306722612,3.44,0.6177412056203843,0.6162395773355546,
allocation_candidate_ranker,26,0.011890382876552355,3.59,0.6178697289868246,0.6162234520409348,
allocation_candidate_ranker,27,0.0111707827679974,3.74,0.6180494297798992,0.6162254114180177,
allocation_candidate_ranker,28,0.01312554701477033,3.9,0.6182405038743871,0.6162848368013341,
allocation_candidate_ranker,29,0.014286056911929069,4.04,0.6181753648979218,0.616360798055741,
allocation_candidate_ranker,30,0.007797685921951151,4.2,0.6177917179392226,0.6160826779018495,
allocation_candidate_ranker,31,0.010794124707457754,4.35,0.617941739795419,0.6161311879390763,
allocation_candidate_ranker,32,0.008284574645403605,4.51,0.6181170487201472,0.6163685966157418,
allocation_candidate_ranker,33,0.007962216696731157,4.69,0.6181717144005113,0.6163954326835921,
allocation_candidate_ranker,34,0.009498972302379094,4.83,0.6178483376057577,0.616137741866358,
allocation_candidate_ranker,35,0.007975038666424536,5.0,0.6181078163210573,0.6163736128769568,
allocation_candidate_ranker,36,0.007284520464449763,5.15,0.6178271483387321,0.6160592226989646,
allocation_candidate_ranker,37,0.005281529715848542,5.27,0.6177326336918537,0.6159420565859945,
allocation_candidate_ranker,38,0.00582648836157562,5.42,0.6180062209085747,0.6162286173522916,
allocation_candidate_ranker,39,0.007793327047427914,5.57,0.6178236309040055,0.6161315937958983,
allocation_candidate_ranker,40,0.010498021075422574,5.73,0.6181367252581275,0.6163912153327362,
allocation_candidate_ranker,41,0.007309695119240601,5.87,0.6179165673676535,0.6164114771969332,
allocation_candidate_ranker,42,0.006899150897676147,6.03,0.6178128598361514,0.616060071764221,
allocation_candidate_ranker,43,0.0070807149867446436,6.19,0.6179075923989492,0.6162419918471523,
allocation_candidate_ranker,44,0.005371367656777031,6.33,0.6180236322396726,0.6162406254730072,
allocation_candidate_ranker,45,0.006075979472074517,6.48,0.6181311565214112,0.6161257319265798,
allocation_candidate_ranker,46,0.007215940575229515,6.63,0.6178454249261405,0.6160230100757683,
allocation_candidate_ranker,47,0.004229323048801609,6.78,0.6178445156350271,0.6161851672042264,
allocation_calibrator,1,0.021655322960767564,0.15,0.0735536920946532,0.07589145255146458,0.10878736143080617
allocation_calibrator,2,0.0033683785971445088,0.34,0.04117733754340876,0.0433679102761013,0.06551929391982322
allocation_calibrator,3,0.0015624880084023727,0.51,0.02991244349874464,0.03259593125332693,0.0628589985866375
allocation_calibrator,4,0.0011617202732011546,0.69,0.02434768992776229,0.02728866111669927,0.061505618549552624
allocation_calibrator,5,0.0007771163529418251,0.86,0.020178100513193558,0.02334778785302798,0.07275592667980647
allocation_calibrator,6,0.0007656639452670974,1.03,0.018255506638230144,0.020817034444908296,0.04893438517180819
allocation_calibrator,7,0.0005105684054000522,1.17,0.015834454765044186,0.01860705308003335,0.06484456546449055
allocation_calibrator,8,0.0005906615832165157,1.32,0.015279406996333447,0.017609659154167703,0.04344346409490955
allocation_calibrator,9,0.0004317918485455793,1.47,0.013932227706899666,0.016456898280441865,0.052047006424849336
allocation_calibrator,10,0.0004290119274900776,1.61,0.012875110749282494,0.015199543831897769,0.03668824516325101
allocation_calibrator,11,0.0003275361906460039,1.76,0.01172570918093924,0.014287831182366666,0.040505537074776
allocation_calibrator,12,0.00031300756715657644,1.91,0.012046395304032396,0.014081315431556688,0.034315411532473014
allocation_calibrator,13,0.0002997515522443731,2.06,0.010990029396235775,0.013157906599502694,0.03236774957417608
allocation_calibrator,14,0.00025774888821817287,2.21,0.010791707380279047,0.012962981186373084,0.03467649579060548
allocation_calibrator,15,0.00025335998654434143,2.37,0.010512380214598221,0.01233519667377849,0.024774319057935115
allocation_calibrator,16,0.00023139316217942805,2.5,0.009707127149554231,0.01141215149328082,0.027533008012213766
allocation_calibrator,17,0.00021346073453508283,2.64,0.009217673900117176,0.01087005203530268,0.01897316952977814
allocation_calibrator,18,0.00019580475599432576,2.77,0.00877203448128208,0.010438772236036507,0.018544321476408242
allocation_calibrator,19,0.00018170398269312765,2.95,0.008445926027368043,0.010169936804543154,0.019268152839643882
allocation_calibrator,20,0.0001818568403830207,3.08,0.007792759349875796,0.009715042755128666,0.01888726342915744
allocation_calibrator,21,0.00016480106435547905,3.26,0.007592496490027936,0.009387621274961141,0.016640861032753744
allocation_calibrator,22,0.00016953534233475148,3.39,0.007322317592455573,0.009209827237087681,0.01662153916495974
allocation_calibrator,23,0.00015009630504614983,3.55,0.0070746076243808674,0.008908363091034243,0.016824231616777752
allocation_calibrator,24,0.00014752631588871464,3.75,0.007160985418113698,0.008959852555747468,0.016310497754307447
allocation_calibrator,25,0.00016271516841140978,3.88,0.007008277232900026,0.00884875008957373,0.01571311898430099
allocation_calibrator,26,0.00014523182511869313,4.03,0.006643504689791662,0.008483415159368736,0.015148453762172158
allocation_calibrator,27,0.0001350280393630824,4.19,0.006603076790037393,0.008330951445866566,0.014865479418103214
allocation_calibrator,28,0.00013283419544535168,4.35,0.0060953475246517145,0.008056995007559341,0.015171351770805823
allocation_calibrator,29,0.00012689629887580487,4.53,0.006284277052361874,0.008113022377884613,0.014754310523252058
allocation_calibrator,30,0.00012731541632963637,4.68,0.005813697119645888,0.007727849749528444,0.014792967337187098
allocation_calibrator,31,0.00012125372626046095,4.82,0.005635795039710185,0.007564371241652073,0.01413080904347117
allocation_calibrator,32,0.00012189230189939705,4.94,0.0056494012856255615,0.007700954653588872,0.014768156673837653
allocation_calibrator,33,0.00013020592687576764,5.07,0.005682577940957341,0.00751287639163518,0.014164816588859824
allocation_calibrator,34,0.00012222197332130216,5.27,0.00585406733266623,0.007764957307543043,0.014329737557011049
allocation_calibrator,35,0.00011911470465121934,5.43,0.005273682718137206,0.007207143024406858,0.013693835572930019
allocation_calibrator,36,0.0001132950293281598,5.55,0.005250165698019821,0.007205673407259143,0.013713056979080027
allocation_calibrator,37,0.00011051970143990737,5.67,0.005241338475767168,0.0073146266592376205,0.014203422360208294
allocation_calibrator,38,0.00011062905533392258,5.82,0.005033442176179223,0.007056627129997188,0.013475827806044095
allocation_calibrator,39,0.0001094376225967976,5.98,0.005247808202513069,0.0073458796302156995,0.014324269558054244
allocation_calibrator,40,0.00010795090019451976,6.16,0.005208293551172464,0.007260312812033252,0.013910373846436406
allocation_calibrator,41,0.00010802728968296476,6.29,0.005085933220922506,0.007027248907894949,0.013686257509498688
allocation_calibrator,42,0.00011091019892930766,6.48,0.005179428603236336,0.006954643058771489,0.013175637935074598
allocation_calibrator,43,0.00010722221362839145,6.63,0.005133792221258117,0.006972346104174564,0.013411108316160497
allocation_calibrator,44,0.00010555169707147326,6.78,0.004764918252279269,0.006752848206489811,0.013328096230469665
allocation_calibrator,45,0.00010013263078797674,6.96,0.004729124509978416,0.006603737851379692,0.012776932798937633
allocation_calibrator,46,0.00010419013701493347,7.11,0.004682697229069251,0.006639352147330526,0.013222670274242817
allocation_calibrator,47,9.796524425583911e-05,7.27,0.004402903421960871,0.006440812956772854,0.012628991065674592
allocation_calibrator,48,9.759500252400153e-05,7.42,0.004574750507084169,0.00649649243772048,0.012775165742162708
allocation_calibrator,49,9.703851945161702e-05,7.6,0.004422634669198201,0.006448374185925812,0.013052307812607751
allocation_calibrator,50,9.61053778169755e-05,7.81,0.004366115459661541,0.006240299165916748,0.012374667116858303
allocation_calibrator,51,9.608305691544071e-05,8.01,0.004372058822512721,0.006292031019217839,0.012451736211927349
allocation_calibrator,52,9.267441980952833e-05,8.17,0.0045587394071131175,0.006296639353270719,0.012529575916654032
allocation_calibrator,53,9.394356821924777e-05,8.31,0.004504380605729198,0.006324191082533194,0.012414282545556278
allocation_calibrator,54,9.325034104061058e-05,8.49,0.004421543791348895,0.0063793992486114075,0.012930539639186518
allocation_calibrator,55,9.18292047348939e-05,8.67,0.004379963123551332,0.006229793101756163,0.012522232601430462
allocation_calibrator,56,8.925135028756868e-05,8.8,0.004293005942863749,0.006122724758371222,0.012244274335928285
allocation_calibrator,57,9.034282356932734e-05,8.97,0.004209820095023534,0.006105334317345501,0.012348823016666673
allocation_calibrator,58,9.133784256579056e-05,9.12,0.004177458452556266,0.00597440005211239,0.012166306982084376
allocation_calibrator,59,8.668876690010822e-05,9.28,0.004239621019687824,0.006101334169330188,0.012249391909250326
allocation_calibrator,60,9.120622981657366e-05,9.47,0.003947544226972576,0.005876100061710031,0.01200406709521669
allocation_calibrator,61,8.580898208458803e-05,9.65,0.004104374318635055,0.005799440431385194,0.011702964310271494
allocation_calibrator,62,8.839234090575605e-05,9.81,0.003909514065360179,0.005829486201177256,0.012260732445469527
allocation_calibrator,63,9.075811368658512e-05,10.0,0.0038757798987100168,0.005839011330757924,0.01181064464923704
allocation_calibrator,64,8.437924430121065e-05,10.16,0.003706834655936603,0.005570228965022462,0.011467816867909333
allocation_calibrator,65,8.657249115966494e-05,10.32,0.0038571100499833707,0.00570343291687427,0.011612886157272555
allocation_calibrator,66,8.378028808083458e-05,10.49,0.0037993752461760884,0.005722643783480678,0.012089098411473759
allocation_calibrator,67,8.308384131007125e-05,10.65,0.0036991574664321405,0.005561298699727574,0.011519649509827288
allocation_calibrator,68,8.280031844556578e-05,10.83,0.0038629262049667138,0.005717173383940122,0.011992643433187452
allocation_calibrator,69,8.24934828355392e-05,11.01,0.003695552577176585,0.005606551433293301,0.011906450641562066
allocation_calibrator,70,8.06792838056509e-05,11.18,0.0035695633064069233,0.005416986076305743,0.011578204413146264
allocation_calibrator,71,8.104578186140125e-05,11.33,0.0038289633012665047,0.0056464915054637525,0.011745154028191587
allocation_calibrator,72,8.220659835614707e-05,11.49,0.0036711210866889354,0.005518066260390691,0.011468841722025173
allocation_calibrator,73,8.07098442177291e-05,11.69,0.003582071311207334,0.0053896791365457535,0.011454512964357868
allocation_calibrator,74,8.00548206857298e-05,11.86,0.00374471995609408,0.005607855617255686,0.011664707508620496
allocation_calibrator,75,7.802590115515786e-05,12.04,0.0036377095881647697,0.00542916649610222,0.011195818025750042
allocation_calibrator,76,7.8050120567537e-05,12.24,0.0037174433542953777,0.005576726433805442,0.011690392269454803
allocation_calibrator,77,7.84622238797707e-05,12.43,0.003576261436019361,0.005424998366431446,0.011366912584431664
allocation_calibrator,78,7.713243090992426e-05,12.58,0.0034926407690093306,0.005279467291801156,0.011174958528992685
allocation_calibrator,79,7.852036455884362e-05,12.75,0.003661215468001823,0.005515999542992306,0.0115762450569047
allocation_calibrator,80,7.714812189822989e-05,12.92,0.003504626928135396,0.0053012720630432825,0.011347855817628946
allocation_calibrator,81,7.712974138528099e-05,13.1,0.0037523697432903795,0.005589872174168905,0.011345566950967995
allocation_calibrator,82,7.594568801060608e-05,13.25,0.003581402540007941,0.00544588035370392,0.011583054221108637
allocation_calibrator,83,7.590645630448927e-05,13.46,0.003424190455132754,0.005255705222202717,0.01150818872177509
allocation_calibrator,84,7.66712152840024e-05,13.66,0.0033605120018690544,0.00517378607889243,0.011370131981737693
allocation_calibrator,85,7.843830625160896e-05,13.86,0.0034147082599379685,0.005299960203141532,0.01160093390546799
allocation_calibrator,86,7.54157748657644e-05,14.03,0.003422190025653779,0.00525493523544513,0.011306546603586105
allocation_calibrator,87,7.355118893708682e-05,14.19,0.003462511263224649,0.00522093259484792,0.011033627605378848
allocation_calibrator,88,7.307756651709442e-05,14.36,0.003371549948103024,0.005165447019657578,0.011264970153593967
allocation_calibrator,89,7.369080860203496e-05,14.54,0.0033487213885271786,0.005092225074685967,0.011156179266133943
allocation_calibrator,90,7.512487954703732e-05,14.7,0.0033521842152274086,0.004996186990062135,0.010859577304839704
allocation_calibrator,91,7.845801717469849e-05,14.88,0.003532932489027852,0.005233074984995327,0.01107529178763521
allocation_calibrator,92,7.817540241435106e-05,15.05,0.0033563678485462357,0.005156941635325567,0.011413175354813935
allocation_calibrator,93,7.364519559641973e-05,15.2,0.003128236638999153,0.004995505600547351,0.011125393067597201
allocation_calibrator,94,7.276321802078252e-05,15.41,0.0034407275866390847,0.0052687551952179095,0.01137349252037436
allocation_calibrator,95,7.34980174404731e-05,15.58,0.0033877098767281185,0.00514622717863681,0.011253262541628348
allocation_calibrator,96,7.257776341505855e-05,15.75,0.003441323193393534,0.005155272827989462,0.011012186220689864
allocation_calibrator,97,7.194709641707187e-05,15.95,0.0032129968432962432,0.005020520614989076,0.011308481084351223
allocation_calibrator,98,7.122367109583955e-05,16.12,0.0035292839783371633,0.005217130235542902,0.011080857390162199
allocation_calibrator,99,7.282849910717317e-05,16.3,0.0032643289674639015,0.0050336196821423335,0.010939884168768572
allocation_calibrator,100,7.301863166828963e-05,16.46,0.0034534436923222825,0.0051229024273474364,0.010834061059567378
allocation_calibrator,101,7.131404359088408e-05,16.61,0.0036272332070397826,0.00532474349594201,0.011074606606370427
allocation_calibrator,102,7.06502787727279e-05,16.78,0.0033435487212706587,0.005070762845284926,0.011101704030413724
allocation_calibrator,103,6.988012405878802e-05,16.92,0.0032027988529343262,0.004897098880388,0.010820076884345234
allocation_calibrator,104,6.846364493654441e-05,17.11,0.0032473024772667774,0.004877953123325,0.010768733979482501
allocation_calibrator,105,7.073943126849005e-05,17.29,0.003188413981390678,0.00482832538552264,0.01060424509277638
allocation_calibrator,106,6.841597053858831e-05,17.45,0.00306992357510021,0.004890591293693301,0.011162976213609153
allocation_calibrator,107,7.108230719799631e-05,17.63,0.003202945938855327,0.004934403789451696,0.010843837666270674
allocation_calibrator,108,7.017464097642818e-05,17.81,0.0029558474547027674,0.004678927558041737,0.010624796665206682
allocation_calibrator,109,6.969911195165934e-05,18.0,0.0029557472897366347,0.004732559808227847,0.01057314513845744
allocation_calibrator,110,7.265650763601808e-05,18.14,0.0031001157970519744,0.00488407477785882,0.01113164637916134
allocation_calibrator,111,6.948607648533668e-05,18.33,0.0030623633544049297,0.004715565745510089,0.010648837806165228
allocation_calibrator,112,6.887047652178649e-05,18.5,0.0032154489952009183,0.004906865892458901,0.011008327912614307
allocation_calibrator,113,6.930562230420892e-05,18.67,0.0032176809504657583,0.004899959184398446,0.010840763116855254
allocation_calibrator,114,6.727643061977123e-05,18.82,0.003187131485409301,0.004907961935920473,0.011086317660863668
allocation_calibrator,115,6.756843619864765e-05,18.97,0.003006765093634649,0.004654402775650261,0.01032123762884766
allocation_calibrator,116,6.836168499845384e-05,19.13,0.0029042369135480898,0.004666224088229578,0.010921517145494731
allocation_calibrator,117,6.787353943688654e-05,19.31,0.0029549107733361966,0.0046833491859088455,0.010771462301938655
allocation_calibrator,118,6.790436614728248e-05,19.48,0.0030268928131414363,0.004667620104233143,0.01049572582038458
allocation_calibrator,119,6.682372511060399e-05,19.67,0.003122910294445685,0.004804946712426918,0.010812425311852069
allocation_calibrator,120,6.537819542025207e-05,19.85,0.0029287892080309065,0.004691664299256683,0.010709408553933897
allocation_calibrator,121,6.583057466613122e-05,20.03,0.0028502812755915635,0.004565590359745552,0.010648591716476356
allocation_calibrator,122,6.534210087707141e-05,20.25,0.0027236759361817,0.004487603105576046,0.010447054030237388
allocation_calibrator,123,6.540388916200194e-05,20.46,0.0030231954742464535,0.004708416618573469,0.010375105340572068
allocation_calibrator,124,6.642249894303386e-05,20.68,0.0028861413027810204,0.004679090494173832,0.010713384741912293
allocation_calibrator,125,6.442348519432943e-05,20.89,0.003093852713005435,0.004805288213740952,0.010700058079713028
allocation_calibrator,126,6.478992538072315e-05,21.09,0.002919444410549966,0.004679525344887842,0.010825771604506517
allocation_calibrator,127,6.425643499960356e-05,21.25,0.0028459935955329205,0.004550645713751724,0.010376954202640584
allocation_calibrator,128,6.705231066046356e-05,21.42,0.0030069454257673767,0.0047432141946039145,0.010961857266804828
allocation_calibrator,129,6.517429589849837e-05,21.58,0.003356123119255701,0.0049563093618999144,0.010555733730945453
allocation_calibrator,130,6.369107322011516e-05,21.76,0.00286776523482341,0.0046295167436964605,0.010888183871087696
allocation_calibrator,131,6.333849161297949e-05,21.93,0.0032786858970890115,0.004923454364438826,0.010469939145489476
allocation_calibrator,132,6.495312869811658e-05,22.15,0.002876501313634278,0.004619387211987051,0.010741637973523073
allocation_calibrator,133,6.512455666032514e-05,22.36,0.0031855359360543644,0.004713886762429757,0.010269710453335213
allocation_calibrator,134,6.47368005862485e-05,22.54,0.002805828543816611,0.004461997375070984,0.010384440360802888
allocation_calibrator,135,6.460826392782835e-05,22.75,0.0029696912319733463,0.004557503228032424,0.010076212507978289
allocation_calibrator,136,6.397915173040005e-05,22.9,0.002784359935770001,0.00442528622931482,0.010467154830839367
allocation_calibrator,137,6.297651919081084e-05,23.08,0.002883636663078404,0.0044867166892275075,0.010061298308504238
allocation_calibrator,138,6.446548315114033e-05,23.24,0.0029059473192046058,0.0044673784918446025,0.010100592360810689
allocation_calibrator,139,7.011739010637845e-05,23.41,0.002985662609499829,0.004563714071871639,0.01024318315842502
allocation_calibrator,140,6.397005412811304e-05,23.58,0.002855601168477539,0.004480203212667441,0.010085865894177268
allocation_calibrator,141,6.13493897137443e-05,23.78,0.002815962469240295,0.0044547825538789314,0.01008902966836237
allocation_calibrator,142,6.282338897154718e-05,23.97,0.002857259411718107,0.0045244470712054435,0.010377025876205035
allocation_calibrator,143,6.261484879688734e-05,24.14,0.0028371694761632595,0.004424055365209024,0.010301074459685535
allocation_calibrator,144,6.158170517726854e-05,24.33,0.002680533691523868,0.0043444482920083505,0.010332898727641296
allocation_calibrator,145,6.431169253486095e-05,24.53,0.002912134931361355,0.00437159641328565,0.009998081662213979
allocation_calibrator,146,6.135822096282859e-05,24.72,0.002653244212100447,0.004306482180077082,0.01029366405787615
allocation_calibrator,147,6.13673163594756e-05,24.92,0.0028506609609627366,0.004405051934214896,0.009843800604033963
allocation_calibrator,148,6.0960451058544254e-05,25.1,0.0026942655275183215,0.004312311694617256,0.010699721787529792
allocation_calibrator,149,6.167336308831937e-05,25.28,0.0025650785547285788,0.00421585045865607,0.009925539378825267
allocation_calibrator,150,6.017287608992632e-05,25.47,0.0027269228848060714,0.00437960954352571,0.010079064206080346
allocation_calibrator,151,6.080225761776121e-05,25.62,0.002634248067512204,0.0042415037921927365,0.010036821724516533
allocation_calibrator,152,6.13233224501525e-05,25.79,0.00276206312094127,0.004285212393666154,0.00972996675975133
allocation_calibrator,153,5.9294583146446074e-05,25.96,0.0027037847872106065,0.004368396109496231,0.010394544628085502
allocation_calibrator,154,6.223109018279498e-05,26.15,0.0027690223147597078,0.004291984595048998,0.01010655448387023
allocation_calibrator,155,5.825665820012158e-05,26.31,0.0027071754471161675,0.004364745715595472,0.010168945077395602
allocation_calibrator,156,5.9794501278059525e-05,26.47,0.002710321801976425,0.004165021259398842,0.009740612037435308
allocation_calibrator,157,5.902746686200054e-05,26.66,0.0026445898447734597,0.004259742024466695,0.010175840059323333
allocation_calibrator,158,5.935803529449322e-05,26.84,0.0027772005725725246,0.004197497724558745,0.009525396098444038
allocation_calibrator,159,6.114590841806953e-05,27.03,0.0025361796132276283,0.004116394814189075,0.009884162701092863
allocation_calibrator,160,5.904896481605591e-05,27.18,0.002787471098764111,0.004303716834730339,0.009692965383355815
allocation_calibrator,161,6.100313638545921e-05,27.39,0.0027900793290013995,0.0043341520971518195,0.009921808225888689
allocation_calibrator,162,5.882448986430915e-05,27.57,0.0026966743165480725,0.004247889416302674,0.009991020302381429
allocation_calibrator,163,5.875329405984468e-05,27.75,0.002543537851213122,0.004133324900515371,0.01002258431440361
allocation_calibrator,164,5.8746791078944074e-05,27.94,0.002861821671516638,0.0044149364769197385,0.010039723529401114
allocation_calibrator,165,5.7945872069184804e-05,28.18,0.0025408525944153283,0.0040803362609429725,0.009784152519206824
allocation_calibrator,166,5.981259449822503e-05,28.45,0.002654676867635196,0.004251529970953421,0.010004749205474743
allocation_calibrator,167,5.90996399585599e-05,28.62,0.0025337856646898797,0.0040769428359528955,0.00942930252287892
allocation_calibrator,168,5.652851047285985e-05,28.8,0.00253516205007714,0.004189055237712101,0.010068810653643066
allocation_calibrator,169,5.716943278899981e-05,29.02,0.0027734607905096445,0.004273823240507049,0.009708846345554908
allocation_calibrator,170,5.830018226723996e-05,29.17,0.0024501293352230035,0.004092313829802802,0.010150633172484323
allocation_calibrator,171,5.899413913666064e-05,29.36,0.002695942865527559,0.004289665423883087,0.009920814774716184
allocation_calibrator,172,5.5424448060808145e-05,29.51,0.002469819428890172,0.004050416412093709,0.009789900646551145
allocation_calibrator,173,5.6442226781526344e-05,29.7,0.0025764691320412834,0.004185017642204153,0.0097424209359927
allocation_calibrator,174,5.871087589933366e-05,29.9,0.0024211607031304878,0.003976915488217191,0.00981109563528844
allocation_calibrator,175,5.621345114694312e-05,30.05,0.002559971304276334,0.004111055075990692,0.009636515981562616
allocation_calibrator,176,5.651188052680887e-05,30.22,0.0025607739469092378,0.004086438074372967,0.009418438703080463
allocation_calibrator,177,5.590532874619019e-05,30.37,0.0024092214618454933,0.004037111806061797,0.009921444516913222
allocation_calibrator,178,5.528032235150147e-05,30.53,0.002449572316723783,0.004045357908968574,0.009847911631544854
allocation_calibrator,179,5.546269328353623e-05,30.7,0.002576656485435539,0.004078152913569571,0.009529374978988986
allocation_calibrator,180,5.5991422751493995e-05,30.88,0.002656776368242845,0.004134678517720966,0.00970785607717727
deallocation_over_log,1,0.043792117176567454,0.14,0.15688778297194028,0.15925149139234607,0.21740715273845698
deallocation_over_log,2,0.02092937634180895,0.32,0.11971370430690928,0.13054117187519068,0.19296692994650835
deallocation_over_log,3,0.014981550473582708,0.47,0.09741287966255761,0.1133147012860952,0.17659620966887313
deallocation_over_log,4,0.012647202870607888,0.6,0.08866592150177949,0.10806782045724195,0.17370827146151976
deallocation_over_log,5,0.010185091067559764,0.75,0.08262153157536294,0.10691557906804547,0.1712914157723344
deallocation_over_log,6,0.009955222814303676,0.87,0.07896107500382255,0.1055257362306277,0.1741414999221444
deallocation_over_log,7,0.008983062487339126,1.01,0.07338660013339705,0.100290857475922,0.16668532527171337
deallocation_over_log,8,0.007414470424921456,1.11,0.06380516466472974,0.09550855189388432,0.16585574333072767
deallocation_over_log,9,0.007123601179083601,1.25,0.06552552246319794,0.09660514648487517,0.1678572785312189
deallocation_over_log,10,0.007317618291977336,1.37,0.06372143456364092,0.0979598588458882,0.1693644944411816
deallocation_over_log,11,0.005903682947573553,1.5,0.058464609199568446,0.09653353251226676,0.1679883325266706
deallocation_over_log,12,0.005351877377500419,1.62,0.057540872050712275,0.09384985663876083,0.1672277718068519
deallocation_over_log,13,0.0053885805331506265,1.77,0.05522194162716027,0.09394511500373807,0.164494128344067
deallocation_over_log,14,0.004749176283144343,1.92,0.05451688069374829,0.09678034133008792,0.16878727171276123
deallocation_over_log,15,0.004538391542984319,2.1,0.049543903942569974,0.09191720275591751,0.1654980795718272
deallocation_over_log,16,0.0044408230515234695,2.24,0.04689180301739044,0.08939004510245849,0.1634808838914613
deallocation_over_log,17,0.003725163036518979,2.43,0.045344283535843535,0.08995199213285283,0.16515963198930173
deallocation_over_log,18,0.0036836623010578482,2.55,0.043407344335275086,0.09065813132725395,0.1670704277514557
deallocation_over_log,19,0.004306207738175876,2.67,0.04666998368742131,0.090321162477651,0.1660930354275348
deallocation_over_log,20,0.003944158012987286,2.8,0.040886939181052906,0.08646663316538132,0.1622464253587711
deallocation_over_log,21,0.0035197359213792008,2.96,0.039182196055180495,0.08650078672096942,0.16421868165476197
deallocation_over_log,22,0.003283718050933663,3.09,0.04300825975608279,0.08835133083403396,0.16567585992659634
deallocation_over_log,23,0.003240532181958364,3.23,0.04409308726878842,0.08883432442150521,0.16428274299710788
deallocation_over_log,24,0.00338759215572323,3.36,0.0386642284167288,0.0872668163069106,0.16368236518747242
deallocation_over_log,25,0.003236879228174316,3.54,0.038754121861561415,0.08675301336038688,0.16357788857828306
deallocation_over_log,26,0.0028187006327122428,3.68,0.04099682715285599,0.08723379386481392,0.16422632317627522
deallocation_over_log,27,0.0029870260036895828,3.82,0.034513065132665166,0.08425300552031129,0.1630042814267663
deallocation_over_log,28,0.0026566217191426674,3.95,0.03221070178955601,0.08426152810793418,0.16517254764680078
deallocation_over_log,29,0.00231623439660014,4.09,0.03480705787144062,0.08539636407314312,0.1661095034035544
deallocation_over_log,30,0.0026222299052658703,4.23,0.03455096354068629,0.08622622119122673,0.16599346805087406
deallocation_over_log,31,0.002276204468018731,4.36,0.03291161231622716,0.08595258551813774,0.16740617785780146
deallocation_over_log,32,0.0020192480129675315,4.52,0.033213327746180445,0.08655152142256475,0.16841222884345536
deallocation_over_log,33,0.0021187871741387802,4.66,0.032036026960206195,0.08289575134973765,0.16288308750431232
deallocation_over_log,34,0.002183939143862527,4.8,0.03468828294236158,0.08622622341701788,0.1658571101331457
deallocation_over_log,35,0.0028030156797894785,4.93,0.029800416423109787,0.08261845500343136,0.16422054315498566
deallocation_over_log,36,0.001992029000175356,5.07,0.030589798155231277,0.08189405821091801,0.16569112062801408
deallocation_over_log,37,0.0020064163849485422,5.22,0.03135843576810115,0.0847291683107071,0.16760366417085895
deallocation_over_log,38,0.0018996391302581537,5.34,0.029985123925696102,0.082273379920003,0.1651400915526452
deallocation_over_log,39,0.0020912536666660366,5.48,0.028152971212262567,0.08039905043498104,0.16369433286841267
deallocation_over_log,40,0.0018074205789186406,5.62,0.030154762245780682,0.08135246984670523,0.16635982118767964
deallocation_over_log,41,0.0022035324397540433,5.81,0.031443275498028715,0.08225987134709697,0.16769857412688594
deallocation_over_log,42,0.0020008641614779553,5.95,0.03075561603422433,0.0808158059150323,0.16576756160923303
deallocation_over_log,43,0.0016018932395595667,6.07,0.030242515027811945,0.08103047182122276,0.16661805229627064
deallocation_over_log,44,0.002146424926644665,6.25,0.03871907252652054,0.08618993315974836,0.16657383841647402
deallocation_over_log,45,0.0019039223436168836,6.4,0.0363248215992259,0.08433778727015029,0.1667021440918808
deallocation_over_log,46,0.0016533300117549058,6.52,0.03180572910520741,0.08124633538641857,0.1651462500961723
deallocation_over_log,47,0.0017521867214654648,6.67,0.029103731532719262,0.0810761368164264,0.1662110431684894
deallocation_over_log,48,0.0016017054252680182,6.83,0.029190804443621644,0.07891909304819075,0.16701325925387223
deallocation_over_log,49,0.0015600183037817157,6.98,0.03131078932234498,0.08117564035616189,0.1665401770368921
deallocation_over_log,50,0.0015098649155706036,7.1,0.03131829081650712,0.08217893180525426,0.16660743916718074
deallocation_over_log,51,0.0020423940808868726,7.26,0.028656714019060614,0.07584620923726626,0.16034640093134284
deallocation_over_log,52,0.0018139325635893812,7.38,0.02518155502886866,0.07642326542213478,0.1637719107340994
deallocation_over_log,53,0.001246390408499913,7.53,0.025410950624584483,0.07697244048538604,0.16322002280802866
deallocation_over_log,54,0.001546466944438497,7.66,0.027847464577268007,0.07537412181623808,0.16325099522283626
deallocation_over_log,55,0.0015231888805364534,7.81,0.02785748393396493,0.07641556047971425,0.16532128550827344
deallocation_over_log,56,0.0015644357755420244,8.01,0.027843868773326924,0.07435665566231481,0.1655745832478178
deallocation_over_log,57,0.0015656368887497492,8.16,0.02853038013661714,0.07582489550535779,0.1632844840288981
deallocation_over_log,58,0.0014738147578248811,8.33,0.026017228056273097,0.07327251148140836,0.16379359285131043
deallocation_over_log,59,0.0016134332315631088,8.47,0.025738756725604994,0.07435267136522448,0.1647486555809433
deallocation_over_log,60,0.001470195279068904,8.6,0.023655067416274825,0.07317435087682432,0.163949437405908
deallocation_over_log,61,0.0018715801104609718,8.73,0.028264520661352485,0.07715279143566814,0.16800799389435078
deallocation_over_log,62,0.001319798299008042,8.89,0.02640983931957249,0.07364428770037637,0.16137747939857827
deallocation_over_log,63,0.001521872938227081,9.04,0.02529501583001147,0.07587048080415301,0.16950960914461666
deallocation_over_log,64,0.0014271461313234166,9.18,0.027319813207540313,0.07519936262110027,0.16470972162617353
deallocation_over_log,65,0.0017075092762794037,9.35,0.040104051942872844,0.08362846813390055,0.16940288627056682
deallocation_over_log,66,0.00158211076815584,9.53,0.03593275973723412,0.08442089944017248,0.17679145405169308
deallocation_over_log,67,0.001301127076380418,9.64,0.03022001368797114,0.0792322609967793,0.1717113064791529
deallocation_over_log,68,0.0011989095012309185,9.77,0.028866699354764682,0.07591303955913094,0.16663111750058915
deallocation_over_log,69,0.0013614712679079941,9.91,0.03234966242909548,0.07801182012704602,0.16946580797979952
deallocation_over_log,70,0.0013495846374606184,10.04,0.03482412410667363,0.08136071023430332,0.16729751922803215
deallocation_over_log,71,0.0013398537656227844,10.17,0.02761855403073125,0.07340853161954708,0.1604418882252805
deallocation_over_log,72,0.0011942860795702912,10.3,0.027407730554472903,0.07498115668721561,0.1619996573134871
deallocation_over_log,73,0.0012515741067767037,10.45,0.021519033508194216,0.07033376546528297,0.1609810328062523
deallocation_over_log,74,0.0015168351011916508,10.58,0.02533632570897039,0.07081074234083352,0.16036329244609382
deallocation_over_log,75,0.0016274191832418743,10.73,0.02376849203754663,0.0695414400944517,0.16359198813209225
deallocation_over_log,76,0.0011687900275799041,10.86,0.024886905060481444,0.07107765923263716,0.16288288419367453
deallocation_over_log,77,0.0011208509125471677,11.0,0.02123812519069647,0.06750438859616464,0.15820741057343446
deallocation_over_log,78,0.0009726655267088128,11.13,0.024682937642559043,0.06961813559347808,0.16148290602779244
deallocation_over_log,79,0.0010003776904539683,11.28,0.02089438247495566,0.06750952118145297,0.16026502145639734
deallocation_over_log,80,0.0012694056302023202,11.42,0.017705047269704996,0.06705098861872073,0.16296329652526104
deallocation_over_log,81,0.0012765203213516174,11.55,0.022272198155720003,0.06982835682071514,0.1663677332955478
deallocation_over_log,82,0.0011978075107490253,11.73,0.021056584792691384,0.06896517399758181,0.16278337329502934
deallocation_over_log,83,0.0011222011996790998,11.88,0.02249206678081248,0.06948839626463553,0.16127227913166897
deallocation_over_log,84,0.0011305350720983375,12.02,0.02175845919338911,0.06853878534270759,0.16159549086558625
deallocation_over_log,85,0.001143476016171207,12.15,0.021651113927390206,0.06822228184756517,0.16004246407576542
deallocation_over_log,86,0.0009308866985917684,12.33,0.01906991521721436,0.06493337207675028,0.15758040739707754
deallocation_over_log,87,0.0012197228520088664,12.49,0.020202670269573474,0.06413552632848958,0.15853655563795976
deallocation_over_log,88,0.001251460520643658,12.67,0.023437841112084946,0.06579329371744555,0.15986907208622694
deallocation_over_log,89,0.000988740959720597,12.8,0.017235341204593795,0.061350686487138234,0.15781994800325305
deallocation_over_log,90,0.0008444953152692711,12.95,0.02124828954078418,0.06443529747092297,0.15806765167869488
deallocation_over_log,91,0.0008628138626559835,13.08,0.024900386536269185,0.06873996393316525,0.1597268037638205
deallocation_over_log,92,0.0008594980210345149,13.24,0.020974272973000297,0.06604998578072968,0.16313647381157714
deallocation_over_log,93,0.0010474215585599036,13.36,0.019378541369555788,0.0669022736793507,0.1637955379500133
deallocation_over_log,94,0.0009018139402500315,13.5,0.019190035549265138,0.06458298276971998,0.1622962981559585
deallocation_over_log,95,0.00085003827383602,13.61,0.01620769070613734,0.06468291782376026,0.16134933249942318
deallocation_over_log,96,0.0009584456447850631,13.75,0.014490554173876548,0.06033850831278792,0.15653225393324005
deallocation_over_log,97,0.00107431352406448,13.91,0.01658856560225855,0.0655992007123988,0.16799500273969728
deallocation_over_log,98,0.0009359529643350166,14.04,0.015425030688662475,0.06105745910061181,0.15993782074815063
deallocation_over_log,99,0.0009300022455253106,14.18,0.015314771867424607,0.0618680045694485,0.16204315868226396
deallocation_over_log,100,0.0008133062721699471,14.37,0.015183432881005876,0.06104145250453076,0.159003137896257
deallocation_over_log,101,0.0008431112692082392,14.52,0.012620350284582171,0.057180481284475386,0.15715614430795538
deallocation_over_log,102,0.0007266909689011496,14.69,0.01401317460617071,0.05819389255944513,0.1548996500416973
deallocation_over_log,103,0.0009063960089376353,14.85,0.017070218574753417,0.06168589965436515,0.15709827374575097
deallocation_over_log,104,0.0007833685977993995,15.03,0.015897619763282352,0.05938470265345972,0.15828919462831334
deallocation_over_log,105,0.0007842979298613587,15.21,0.016089871517184367,0.060857116162817394,0.161115959791382
deallocation_over_log,106,0.0008316959951552069,15.39,0.013925058205383603,0.05753787703998266,0.15736111853723808
deallocation_over_log,107,0.0008431362323496347,15.52,0.012019515123482198,0.056772809164935684,0.15645349586311263
deallocation_over_log,108,0.0007359707915117389,15.67,0.011460412106317003,0.05746244409803583,0.15692935905893102
deallocation_over_log,109,0.0007251526794047018,15.8,0.013147524311579829,0.05755285796998719,0.1579890585742991
deallocation_over_log,110,0.0008361383416911956,15.96,0.013109871900491033,0.05929524590486503,0.1596135219191877
deallocation_over_log,111,0.0008759738386244037,16.11,0.0133515996983159,0.05813089277026439,0.15686065564342477
deallocation_over_log,112,0.0007386261755040071,16.3,0.012018842094011254,0.058060877806517294,0.16000222230239697
deallocation_over_log,113,0.0007110764422165749,16.48,0.011785250816507534,0.05717632687373381,0.1600124238208667
deallocation_over_log,114,0.0007001823693520714,16.6,0.013342909870259679,0.059782813445479276,0.16468601356602824
deallocation_over_log,115,0.0007133160436933553,16.77,0.012259693140223215,0.05747217729537115,0.16162482880100304
deallocation_over_log,116,0.0006695271127132772,16.88,0.011176051879564677,0.05638446120317341,0.15923016940800072
deallocation_over_log,117,0.0006978942270186609,17.04,0.011986983199004654,0.058100960478872296,0.16319916554218672
deallocation_over_log,118,0.000653692539364648,17.18,0.011247216908918741,0.05359220183492142,0.1532002653192434
deallocation_over_log,119,0.0007305910088098499,17.32,0.010973493121112482,0.05522889886884614,0.15846411302389457
deallocation_over_log,120,0.0007222720459835107,17.49,0.012583844028636685,0.05743156662045891,0.16075025421539232
deallocation_over_log,121,0.0007052861470794479,17.66,0.010801718569900932,0.05418402009367534,0.15661104339010204
deallocation_over_log,122,0.0006090547884316059,17.8,0.010513467692802689,0.05103148526564221,0.15006918677856104
deallocation_over_log,123,0.0007113178776461228,17.94,0.014129245365093962,0.05856241376181713,0.16133626853762317
deallocation_over_log,124,0.0008070442917168777,18.09,0.010996394921244167,0.05495134237268237,0.1606442895959164
deallocation_over_log,125,0.0006634821443718098,18.24,0.012866409775107912,0.05655374404606077,0.1575576706578124
deallocation_over_log,126,0.0006678401077186602,18.38,0.010104935959289234,0.054256275620703155,0.15875331445837254
deallocation_over_log,127,0.000671546040521754,18.56,0.010916103801902893,0.05476120980087964,0.16068664870729013
deallocation_over_log,128,0.0006913910039618064,18.73,0.014601255517794358,0.055803138434283375,0.1563322616167705
deallocation_over_log,129,0.0007270160376318596,18.89,0.010546262909009643,0.05254791745460682,0.15460314693587088
deallocation_over_log,130,0.0007198114970707981,19.03,0.011789777778466118,0.05605702377860409,0.16355626063439377
deallocation_over_log,131,0.0006585792022815743,19.13,0.011026869708088149,0.05328153649521529,0.16013948138462156
deallocation_over_log,132,0.0006768092835647694,19.26,0.00974918362564748,0.050662745172266106,0.15353069849229498
deallocation_over_log,133,0.00066476244090895,19.4,0.010191598683717738,0.05518842747304449,0.1617756234428535
deallocation_over_log,134,0.0006152546764430964,19.53,0.011073777783690718,0.05312438143776779,0.1567183404401452
deallocation_over_log,135,0.0008250988392138754,19.69,0.011303822775042804,0.053964054143010254,0.1590206510060905
deallocation_over_log,136,0.0007526834406164757,19.88,0.010760438601571163,0.052510552959219026,0.15774684494288607
deallocation_over_log,137,0.0007366465507298787,20.03,0.01142761531322944,0.054789502990803374,0.15797369656123564
deallocation_over_log,138,0.0006372653348279412,20.18,0.010257402309632062,0.05239785081908587,0.15472166541668944
deallocation_over_log,139,0.0006439727868309014,20.36,0.010783906447676878,0.052128762232173484,0.1536833833246825
deallocation_over_log,140,0.0006355817378831596,20.51,0.009547146854839154,0.049256920288837165,0.1522615578322583
deallocation_over_log,141,0.0007359649425503147,20.68,0.014973057582389732,0.05881890330292828,0.163657379528091
deallocation_over_log,142,0.0006472041462403178,20.85,0.010297269335376693,0.05171375463596263,0.15108824066090518
deallocation_over_log,143,0.0005683626156232361,21.02,0.009029151447211435,0.0533207445866205,0.16072213810696012
deallocation_over_log,144,0.0007329084616761166,21.15,0.009834874769953721,0.052338993427467576,0.16072952797751275
deallocation_over_log,145,0.0006242547834311729,21.31,0.011882447808623582,0.05367944771613011,0.1600135787635964
deallocation_over_log,146,0.0005881891615899059,21.5,0.010293495207138946,0.05383361489157843,0.16395436252102075
deallocation_over_log,147,0.0006042635677671546,21.63,0.008686538774306736,0.049359691431384765,0.15700528482665377
deallocation_over_log,148,0.0006207507197394243,21.78,0.009067765270948236,0.054130252381090406,0.16384683812150344
deallocation_over_log,149,0.0007108104788772631,21.94,0.011746802652403394,0.05544058800040263,0.16151322910044513
deallocation_over_log,150,0.0006045832206278099,22.1,0.008402413167792177,0.05070425895635788,0.1569733465622077
deallocation_over_log,151,0.0006314669616297171,22.3,0.009342038456726745,0.05284416378107863,0.16183478100388607
deallocation_over_log,152,0.0005354067483482159,22.48,0.008589023557247525,0.05006755859073768,0.15466050031061343
deallocation_over_log,153,0.0007075475903545454,22.66,0.007932417321566828,0.04901873666921592,0.15557357513994285
deallocation_over_log,154,0.0006917622246517234,22.81,0.011201686968799309,0.05149309070864582,0.16075421994815903
deallocation_over_log,155,0.0006431289557634921,22.95,0.00820621261697362,0.05081934480671744,0.16068914660059497
deallocation_over_log,156,0.0006664817845511683,23.09,0.008212170107594119,0.04971757442009475,0.15910081456868666
deallocation_over_log,157,0.000691443650073767,23.25,0.008702533685704172,0.049641809109986675,0.15510999804230205
deallocation_over_log,158,0.0005864801228202058,23.43,0.008903580474543576,0.05219175237453513,0.16338623072808464
deallocation_over_log,159,0.0006424554184330301,23.58,0.009984738609602289,0.05339349922978843,0.16396043442979727
deallocation_over_log,160,0.0006446245175993188,23.74,0.010152443256542333,0.05083911233322206,0.16023373892510523
deallocation_over_log,161,0.0006320073879799804,23.88,0.00837102960123921,0.050240180160367506,0.15884078909267696
deallocation_over_log,162,0.000690400313616239,24.09,0.007531324733769563,0.051768032533573864,0.16062341514858225
deallocation_over_log,163,0.0006371844019510137,24.24,0.011165192999166606,0.05070187130118634,0.15626063787424585
deallocation_over_log,164,0.0007167168222510674,24.44,0.010883223663028085,0.0553302657199766,0.16553623654113983
deallocation_over_log,165,0.0005523945207039043,24.62,0.00815903628539449,0.0515391037337343,0.16325031051874528
deallocation_over_log,166,0.0006757201705165113,24.75,0.0077680685738309024,0.05144802403681789,0.16336734595239488
deallocation_over_log,167,0.000555373597255586,24.92,0.008724800502568903,0.05048321274345131,0.16051247926788412
deallocation_over_log,168,0.0005723064348142309,25.06,0.008369075265077209,0.048567867161808526,0.15631740717934692
deallocation_over_log,169,0.0005955194796688169,25.23,0.007545446463733533,0.05196334040472911,0.164741644130141
deallocation_over_log,170,0.0006319421392467198,25.4,0.009958263466405876,0.04891939156311057,0.15262736592083923
deallocation_over_log,171,0.0005889298658820653,25.54,0.00865389030069082,0.051069962873197774,0.16072751043645217
deallocation_over_log,172,0.0005267415233891345,25.73,0.007477163158719107,0.04786648936884331,0.156595244316296
deallocation_over_log,173,0.0005428826541968417,25.85,0.009178788630170218,0.04959867429430767,0.15452929261766662
deallocation_over_log,174,0.0005667643773102211,25.98,0.00908669121527838,0.048267337116783486,0.153655833488309
deallocation_over_log,175,0.000640697231822702,26.16,0.011723901124933052,0.053223937733192485,0.15730497952428213
deallocation_over_log,176,0.000578080703406486,26.33,0.009218338634182257,0.05145901387139469,0.1631493786646621
deallocation_over_log,177,0.0005411500720312735,26.48,0.0092106631650381,0.05020861788053653,0.15824581759605835
deallocation_over_log,178,0.0007543572176510226,26.63,0.00848531873795871,0.05139367817710849,0.1626242482551891
deallocation_over_log,179,0.0006212579230517589,26.81,0.011708497548575137,0.05297178499261948,0.15753705002633883
deallocation_over_log,180,0.0005736817314152585,26.97,0.007715770616882961,0.049287455889006765,0.16012232048456534
deallocation_action,1,0.45627370982323207,0.1,0.1675387910525345,0.15416396216084488,
deallocation_action,2,0.21613810316240684,0.23,0.10462549129284499,0.10721545827906083,
deallocation_action,3,0.15557130290780652,0.36,0.08170422865440956,0.09261266361267738,
deallocation_action,4,0.12617418988030055,0.45,0.06750134923643457,0.08421879977286265,
deallocation_action,5,0.10714109801166406,0.58,0.05837980459018852,0.07963225173804885,
deallocation_action,6,0.09344996933005145,0.67,0.050919164314478745,0.07614374926135915,
deallocation_action,7,0.08154288761697044,0.76,0.04486714542299043,0.07428319592162193,
deallocation_action,8,0.07080333330180993,0.86,0.03939006478655967,0.07508547861424178,
deallocation_action,9,0.06348293084595999,0.97,0.03463179845466629,0.07310281611206366,
deallocation_action,10,0.05886162439996764,1.06,0.029286055152352556,0.07049130315461075,
deallocation_action,11,0.056694993971739216,1.15,0.02601335924637074,0.06736292383077996,
deallocation_action,12,0.0513827148164016,1.25,0.020761704118350023,0.066303829383548,
deallocation_action,13,0.048542660205556434,1.34,0.01814245645382684,0.06520712395136521,
deallocation_action,14,0.042080190715738486,1.46,0.018098486708529454,0.06729616385828484,
deallocation_action,15,0.03778717830700846,1.55,0.015791960485033917,0.06660433025700688,
deallocation_action,16,0.035297307518367085,1.68,0.015772967486191013,0.06997666148743918,
deallocation_action,17,0.03755802265702986,1.78,0.015011226998974104,0.07125570628880828,
deallocation_action,18,0.03401585020586708,1.89,0.011701398654526123,0.07015625266558177,
deallocation_action,19,0.03601321098715901,2.02,0.011687220762989645,0.06889450395948812,
deallocation_action,20,0.03572688821617894,2.11,0.012454915515493752,0.07307083346916252,
deallocation_action,21,0.030401090618200625,2.21,0.012541885323094401,0.07589194121618423,
deallocation_action,22,0.03184446261472512,2.31,0.018519566019495552,0.0835705492344008,
deallocation_action,23,0.025189417161074392,2.41,0.01914725788994845,0.08383643511456981,
deallocation_action,24,0.023812801563318307,2.54,0.01115054582055694,0.07363805486792266,
deallocation_action,25,0.03188992774520034,2.63,0.017265955447991747,0.07723451403583823,
deallocation_action,26,0.02576575396102541,2.76,0.013008898965058352,0.07760176830649815,
deallocation_action,27,0.03204066723596063,2.85,0.01435052799070108,0.07912614466218358,
deallocation_action,28,0.020493492298631528,2.99,0.011038408392191721,0.08067555971875777,
deallocation_action,29,0.026239064950415183,3.11,0.011184516322300634,0.07236742538384847,
deallocation_action,30,0.02169677365194001,3.19,0.006453602470342067,0.07104700863874835,
deallocation_action,31,0.021928547282057585,3.27,0.01462057722508175,0.0815696878429811,
deallocation_action,32,0.019950132557803056,3.39,0.014730908208892324,0.08205392800320573,
deallocation_action,33,0.026659063531837803,3.48,0.009860320044184872,0.07796424156064008,
deallocation_action,34,0.01358469162793943,3.59,0.009128494631089414,0.07158932034786863,
deallocation_action,35,0.02383412210058317,3.69,0.012443127507035993,0.07624522472269447,
deallocation_action,36,0.0203597097985026,3.81,0.00583176106002362,0.06839928136516467,
deallocation_action,37,0.020828250701581136,4.0,0.0076845118952753476,0.07815609631498713,
deallocation_action,38,0.022530559116782797,4.1,0.010705649789159234,0.0836231584856904,
deallocation_required_cut,1,0.05912092634358805,0.14,0.16594956596933277,0.16940861313078462,0.22950129967852745
deallocation_required_cut,2,0.024093131372479926,0.28,0.11946213269866969,0.1289043628167645,0.189191933800649
deallocation_required_cut,3,0.01752369637344201,0.44,0.10373721686808787,0.11987315968115698,0.184245703213909
deallocation_required_cut,4,0.01620603367276964,0.57,0.09739129718715513,0.11904432866047011,0.18063373063493623
deallocation_required_cut,5,0.012456300856347063,0.7,0.08514181071841317,0.10756505323927266,0.17220468877101375
deallocation_required_cut,6,0.012808273666700514,0.82,0.0874070180921894,0.11306329216403255,0.1762753396021953
deallocation_required_cut,7,0.009377528476242465,0.99,0.0743570765509869,0.10224823118761588,0.16814312416251384
deallocation_required_cut,8,0.0085168339251467,1.16,0.07321460529411597,0.10612897682434635,0.17028042825284018
deallocation_required_cut,9,0.007938151644051228,1.32,0.06925677491656143,0.10260169793660118,0.16830670604088344
deallocation_required_cut,10,0.009417913637456608,1.46,0.06428432042203104,0.10169187479813437,0.1687298348936311
deallocation_required_cut,11,0.006994199093379322,1.62,0.06019855923158501,0.09906435838601896,0.16491740930932733
deallocation_required_cut,12,0.008247479055379855,1.79,0.0578829966637907,0.0975759591398715,0.16730757540329744
deallocation_required_cut,13,0.006560313946246842,1.95,0.058575072368412286,0.09804919555884584,0.1654836004287326
deallocation_required_cut,14,0.006487509829339451,2.09,0.05813847280019221,0.0988999058437807,0.16700507639299236
deallocation_required_cut,15,0.00688416077030655,2.27,0.060935559412752464,0.09463350330242283,0.16520573303677363
deallocation_required_cut,16,0.005188550927089998,2.39,0.05133141570545196,0.09524015368088969,0.16433613848839693
deallocation_required_cut,17,0.004453472555151029,2.54,0.05007541496643965,0.09377009942101398,0.1629496196434812
deallocation_required_cut,18,0.005243567137257754,2.69,0.04953920607722219,0.0948293936242296,0.16455137319091753
deallocation_required_cut,19,0.004637964760211229,2.87,0.05198285347138299,0.09292139151426279,0.16443471344495222
deallocation_required_cut,20,0.004236296407898053,2.99,0.052671199947475184,0.09228234085648,0.16372330845791358
deallocation_required_cut,21,0.003435417393606583,3.14,0.04742398367726081,0.09367413314595295,0.16457819264636128
deallocation_required_cut,22,0.005220069621859693,3.31,0.04636785683573461,0.09179967357379136,0.1619896264427175
deallocation_required_cut,23,0.003459271716322106,3.46,0.04437072037007535,0.09021153467459772,0.16200677021809884
deallocation_required_cut,24,0.004424767132699739,3.62,0.046474827064461585,0.09074457063377549,0.16330183066520784
deallocation_required_cut,25,0.0028820447781826215,3.77,0.04431207184017709,0.08984741596318911,0.16260724122678663
deallocation_required_cut,26,0.004154375936310725,3.92,0.04105461459790705,0.09029608741318969,0.16247257173548954
deallocation_required_cut,27,0.002843916995517656,4.03,0.04216018245733918,0.0888230871393932,0.16105570287990303
deallocation_required_cut,28,0.0032618116320632215,4.16,0.03790434536250428,0.08722221109553299,0.15955823283127765
deallocation_required_cut,29,0.002947600908423827,4.34,0.03958247316774034,0.08883685906106085,0.1594188794099545
deallocation_required_cut,30,0.003070790630408149,4.51,0.03651663305959408,0.08660501390044574,0.1606408457035523
deallocation_required_cut,31,0.0037256490022751247,4.66,0.04298722787395126,0.08834795431639784,0.1582080458856832
deallocation_required_cut,32,0.002282153095449602,4.84,0.035624097700911135,0.08454631050327041,0.15745720076308856
deallocation_required_cut,33,0.0034923959207765185,4.99,0.04052486685444762,0.08986764603612217,0.16286205644210153
deallocation_required_cut,34,0.002081089885797964,5.15,0.03312797506763995,0.08239173992253719,0.15652014364353897
deallocation_required_cut,35,0.0025623668300128175,5.3,0.035589266491315316,0.08583845740994807,0.15989258504734608
deallocation_required_cut,36,0.0020141743050897274,5.41,0.03569580270755244,0.08587339513372041,0.1575590939243952
deallocation_required_cut,37,0.0018777157038284333,5.57,0.031004806025799504,0.08030999091461864,0.1561411206211665
deallocation_required_cut,38,0.002374503807693858,5.72,0.0304674941649041,0.08237298956416016,0.1564235640259853
deallocation_required_cut,39,0.0021221275608589826,5.9,0.03140249443019703,0.08312288732365028,0.15869743086155835
deallocation_required_cut,40,0.0019347602871458624,6.06,0.029103712729230635,0.07941555594385663,0.15581510955754305
deallocation_required_cut,41,0.002300707983331419,6.22,0.02889590113532473,0.08120394921086359,0.15909344976553028
deallocation_required_cut,42,0.001832736813903207,6.4,0.029117943311386573,0.08070265142455608,0.16021232607233876
deallocation_required_cut,43,0.0019885294934281527,6.57,0.027844488086585083,0.07798493121044142,0.15515199157696938
deallocation_required_cut,44,0.002189137243197324,6.71,0.026635079330752556,0.07943199968761117,0.1591150933950928
deallocation_required_cut,45,0.0015385203517034323,6.85,0.027957603614852687,0.07924150519145115,0.15647135663377632
deallocation_required_cut,46,0.0015955209421922986,6.97,0.029307833861212895,0.08139942989003365,0.15977326095534725
deallocation_required_cut,47,0.002625137141772276,7.13,0.026606059366662063,0.07577384222596426,0.15437878570444116
deallocation_required_cut,48,0.0018006665867464093,7.26,0.026902744061475997,0.07555140562447066,0.15875132041181525
deallocation_required_cut,49,0.0014596106267876275,7.44,0.027724832203743836,0.0786136868333277,0.15869469754663384
deallocation_required_cut,50,0.002172091744467668,7.57,0.024803954585135374,0.07502842112414569,0.15546551164118205
deallocation_required_cut,51,0.001473326298963219,7.71,0.026173990583119297,0.07595001270355158,0.15651578907778244
deallocation_required_cut,52,0.0015878720273167885,7.85,0.027451637191433995,0.07662356065881386,0.15914232545722373
deallocation_required_cut,53,0.0013537666436097377,7.97,0.027587139108757052,0.07511137556433779,0.15810929391620368
deallocation_required_cut,54,0.0016307755796058792,8.11,0.02739144520349987,0.07753020011970209,0.15861013704072205
deallocation_required_cut,55,0.0020439984477430063,8.26,0.027537731795579456,0.07904354073501611,0.16056466409797468
deallocation_required_cut,56,0.0013600996774665178,8.41,0.026211032742512744,0.07623375770560448,0.1555094539624484
deallocation_required_cut,57,0.0013241265827895756,8.54,0.02547134010201683,0.07453088735389143,0.15632713946920163
deallocation_required_cut,58,0.0016639370508076045,8.69,0.024636332894887404,0.07637612474041931,0.160139488124226
deallocation_required_cut,59,0.0014452807500478038,8.84,0.024515972819272376,0.07435184816835758,0.15666502119640469
deallocation_required_cut,60,0.0015106803939315557,8.97,0.028980984111222238,0.07909307782400586,0.16010442696306174
deallocation_required_cut,61,0.0013460178774075235,9.1,0.02499841865400307,0.07282078697096224,0.15394080232209312
deallocation_required_cut,62,0.0012715843372540154,9.3,0.0246022796908734,0.07395437965915604,0.1573261507837298
deallocation_required_cut,63,0.001338710256759962,9.41,0.02487225735464623,0.07258149996755604,0.15679836211120368
deallocation_required_cut,64,0.002103684293418965,9.58,0.025243248838264242,0.07256796976639986,0.155592238169366
deallocation_required_cut,65,0.0011097026783399293,9.7,0.02226682877425005,0.07137847454357142,0.1549771849896304
deallocation_required_cut,66,0.0016595525103366045,9.85,0.024898907585084295,0.07325631077630385,0.15894647330365758
deallocation_required_cut,67,0.0013051288196771834,9.99,0.024450367033873453,0.07246249278678076,0.15385761990522193
deallocation_required_cut,68,0.0011618775309608555,10.26,0.02196116244472402,0.0716093079114671,0.15667708416175224
deallocation_required_cut,69,0.0011368925407055001,10.41,0.021569161894827594,0.06929441614372646,0.1535055234497807
deallocation_required_cut,70,0.001463044418750916,10.56,0.022886618862770634,0.07095331421782658,0.15741224395743075
deallocation_required_cut,71,0.001474201767474225,10.71,0.02846264973945477,0.07569988834547936,0.158407343372073
deallocation_required_cut,72,0.001299299412468484,10.89,0.024901352185644824,0.07224092153204917,0.1579817707942514
deallocation_required_cut,73,0.0011389069962756087,11.01,0.021299150642517695,0.07027836186695428,0.15601864492154374
deallocation_required_cut,74,0.001180665048143637,11.15,0.021995679517172104,0.0684750935120449,0.15343306345499264
deallocation_required_cut,75,0.0009524259548188132,11.35,0.023199076502315303,0.0729850602630372,0.16011814431120927
deallocation_required_cut,76,0.0012399397930375757,11.51,0.02231918033516955,0.06941784468994423,0.15212018970786745
deallocation_required_cut,77,0.0009838378373271304,11.66,0.02159002091202835,0.07149168432058334,0.15739150189944576
deallocation_required_cut,78,0.0014227074055394903,11.83,0.027089298122365286,0.06988803708725923,0.1530380023287204
deallocation_required_cut,79,0.0011299070467409855,11.96,0.020725239566935484,0.06974571067251939,0.15739463661122885
deallocation_required_cut,80,0.0010029809769424491,12.1,0.02034483802371218,0.06671580500373277,0.1518651716397022
deallocation_required_cut,81,0.0013483478631581003,12.25,0.023549808399249122,0.06743314621433971,0.15770857732302362
deallocation_required_cut,82,0.0010445833881761438,12.43,0.020209861065143178,0.06452353104063625,0.15058617529123217
deallocation_required_cut,83,0.0009275580665132026,12.58,0.019024703322504166,0.06638316888892774,0.15647241894703295
deallocation_required_cut,84,0.0013665873852049383,12.76,0.024032041749037465,0.06529441678845127,0.14983196426099463
deallocation_required_cut,85,0.001138320914730951,12.91,0.021616985027868355,0.06568116004604507,0.15396056256324955
deallocation_required_cut,86,0.0009477145078736487,13.03,0.020236893827318473,0.06436049573210552,0.15177538525675324
deallocation_required_cut,87,0.0010477353490678128,13.21,0.023333205993979304,0.06527364693920298,0.15387545891435583
deallocation_required_cut,88,0.0009674484940433923,13.37,0.017590257194374244,0.06406374359998424,0.15122689849843599
deallocation_required_cut,89,0.0010203147911277233,13.52,0.018066023746612533,0.06467144683209165,0.1567543356367955
deallocation_required_cut,90,0.0008410756292986106,13.67,0.017880211142280097,0.0639763859992649,0.15042484182224086
deallocation_required_cut,91,0.0009298582619214907,13.87,0.018906930625817615,0.06568435965458666,0.1576860227656783
deallocation_required_cut,92,0.0009714981287717633,14.06,0.02101304529050367,0.06426411857977603,0.15202912002689717
deallocation_required_cut,93,0.0010954146600398917,14.26,0.018230136706402354,0.06374618403343173,0.15353072937240875
deallocation_required_cut,94,0.0009082035932780338,14.4,0.016187472449763967,0.063194881132146,0.15488695314649867
deallocation_required_cut,95,0.0007507656838192482,14.57,0.01829824073903024,0.06323389564752638,0.15234559302167935
deallocation_required_cut,96,0.000987850202533872,14.72,0.016906208827702607,0.06265534336934955,0.15033841679427865
deallocation_required_cut,97,0.0008580336782690978,14.88,0.01506318758537666,0.061656649095616634,0.1548158677490466
deallocation_required_cut,98,0.000748396691071553,15.04,0.01603483762183275,0.06271271209878267,0.15443824331835035
deallocation_required_cut,99,0.0007925069525051155,15.19,0.016953364951231016,0.06385649917839019,0.15631579550429564
deallocation_required_cut,100,0.0007566964618047349,15.33,0.016724639857806187,0.06523431947907782,0.15839303979805522
deallocation_required_cut,101,0.000888131650646754,15.45,0.01648744163929165,0.0628718023449922,0.15545509416373263
deallocation_required_cut,102,0.0007012713892395699,15.62,0.016450065490622185,0.06059441853499192,0.14994934366225826
deallocation_required_cut,103,0.0009398685991802721,15.78,0.020927545848011913,0.06443178076110145,0.15598341690110193
deallocation_required_cut,104,0.0009378749664101287,15.97,0.017794044692655973,0.0631172768810563,0.151313013913937
deallocation_required_cut,105,0.0009648122656719754,16.12,0.019433893543419987,0.0627679948649619,0.15409329182489337
deallocation_required_cut,106,0.0009572615556286748,16.28,0.016429501800786953,0.0608314998613736,0.14796037620567218
deallocation_required_cut,107,0.000842191237979972,16.45,0.01708619193685528,0.06124299251654163,0.1529449763755678
deallocation_required_cut,108,0.000689886974106171,16.62,0.01624632481144107,0.06181081108767306,0.15009870645437637
deallocation_required_cut,109,0.0006976691284178242,16.75,0.015426736209101816,0.05926520162256156,0.15059370827817006
deallocation_required_cut,110,0.000810023101858305,16.92,0.014679626515393732,0.05971912876393533,0.14920546162406725
deallocation_required_cut,111,0.0006134986766685098,17.06,0.01633108020142635,0.0607548530248157,0.15108078496293254
deallocation_required_cut,112,0.0006929143303288119,17.24,0.015338676615412043,0.060476309406888085,0.15308845044175087
deallocation_required_cut,113,0.0007896263516004007,17.44,0.01452344279515936,0.059025687637922396,0.14819051933981664
deallocation_required_cut,114,0.0007382086182955404,17.63,0.014734698299487816,0.05826360476706553,0.14837685523644448
deallocation_required_cut,115,0.0006001641997663489,17.87,0.013658095089563792,0.057226386139694066,0.14887306066069997
deallocation_required_cut,116,0.0006735016196480841,18.07,0.014934367630669932,0.058311265739721556,0.14881132531050933
deallocation_required_cut,117,0.0006459906206786423,18.27,0.01433342402688968,0.05639829729992769,0.14764531067690245
deallocation_required_cut,118,0.0006915911043811405,18.43,0.013547040529970727,0.057358331707299155,0.14971666898223898
deallocation_required_cut,119,0.000675747216714282,18.57,0.018065094082771835,0.06138856143323357,0.15025654908542452
deallocation_required_cut,120,0.0008079972095718823,18.73,0.016313022248490103,0.05776337643940939,0.14959169937897732
deallocation_required_cut,121,0.0007579943919774531,18.88,0.013169712611270108,0.05552340304830457,0.1458532615426928
deallocation_required_cut,122,0.0007102723398755474,19.07,0.016387540097421174,0.058390732082474785,0.14920861421911413
deallocation_required_cut,123,0.0005792354856468599,19.2,0.011792358265357737,0.05405247231666028,0.1439686732095673
deallocation_required_cut,124,0.0005785162051046526,19.37,0.014382952238867576,0.05747020759971857,0.14708129644481255
deallocation_required_cut,125,0.000668838491774084,19.53,0.01466802431504784,0.056760771398419625,0.14890101651607682
deallocation_required_cut,126,0.0007084416961726491,19.71,0.013256585070979909,0.05682857746138704,0.1522490042152564
deallocation_required_cut,127,0.0006727159498981139,19.86,0.012652635997742965,0.05763430212554909,0.15281804361150347
deallocation_required_cut,128,0.0007310470752107341,19.99,0.018335461410690684,0.05963974618623162,0.15267434935908922
deallocation_required_cut,129,0.0009157168268779782,20.15,0.011911056174528045,0.05456583694652783,0.1471798477149933
deallocation_required_cut,130,0.0006212723649748865,20.34,0.012223984102474125,0.05589814479545733,0.14911967212140673
deallocation_required_cut,131,0.0005393205381528501,20.53,0.014377119482398192,0.05519361965906202,0.1469924638708839
deallocation_required_cut,132,0.0006314413997408989,20.73,0.016832910642319458,0.059820372041696906,0.15382753528904403
deallocation_required_cut,133,0.0006523335869716705,20.91,0.013053667264593295,0.055371927597808776,0.14768526172396215
deallocation_required_cut,134,0.0006909404772970076,21.1,0.013778088194796869,0.05677111770062905,0.1544833682302821
deallocation_required_cut,135,0.0005238872587458557,21.34,0.01548836362293908,0.05857779518444045,0.15333789980679288
deallocation_required_cut,136,0.0006664059181643012,21.6,0.012258397154355281,0.056777946592635326,0.15533851491539363
deallocation_required_cut,137,0.0007023679504501525,21.85,0.013507868702153375,0.0554784274408838,0.15295475961155044
deallocation_required_cut,138,0.0005418629209587466,22.12,0.011921600259005759,0.0549792666627491,0.15159818125932556
deallocation_required_cut,139,0.0006213475951382056,22.32,0.012998951491221364,0.05427673307975355,0.14943465175789528
deallocation_required_cut,140,0.000622390347649172,22.54,0.01403173556307709,0.05733317739324837,0.1566215717155146
deallocation_required_cut,141,0.000741847217975954,22.73,0.011562442234796912,0.05200186638456592,0.14582254253071442
deallocation_required_cut,142,0.0005604750692251365,22.97,0.01410495524338024,0.05525729644564598,0.15186066780334517
deallocation_required_cut,143,0.0006499313324974446,23.19,0.011767509393603683,0.05420835573476227,0.15149259639900595
deallocation_required_cut,144,0.000550424506983736,23.38,0.012300096529477509,0.05410953699189147,0.15115024176290062
deallocation_required_cut,145,0.0005233841251031623,23.6,0.012744657944759132,0.053364012870702776,0.14677584820231693
deallocation_required_cut,146,0.0005815263149001049,23.83,0.015772650586381203,0.05811460796030468,0.15357117310565213
deallocation_required_cut,147,0.0005449209532425639,24.03,0.012373969887040726,0.05367945378266168,0.14986487328153697
deallocation_required_cut,148,0.000537249186425074,24.21,0.013870204023938768,0.053858105412147736,0.1505327583392278
deallocation_required_cut,149,0.0006348176022602238,24.41,0.020486801745963165,0.06114127645478585,0.15561531681468932
deallocation_required_cut,150,0.0006026927341718474,24.62,0.015366778377973843,0.056037297416385336,0.15196483672613942
deallocation_required_cut,151,0.0007390766821527252,24.85,0.01550702837382659,0.056651792351513304,0.15105004863789448
deallocation_required_cut,152,0.0005363420436254283,25.05,0.01507980489293635,0.05528374337565121,0.1502647504788033
deallocation_required_cut,153,0.0005708532607186803,25.26,0.012330360824336063,0.052450595869948796,0.1485066260873495
deallocation_required_cut,154,0.0006080060636389231,25.54,0.013104142880139436,0.05516512208931592,0.15262821724435885
deallocation_required_cut,155,0.0005876336418099371,25.75,0.015881179651204117,0.05771837230046956,0.15758175571226635
deallocation_required_cut,156,0.0006383227206197023,25.99,0.011904715912307445,0.05258697138270656,0.15094950332065823
deallocation_required_cut,157,0.0005771447698583337,26.18,0.013067113282014748,0.05291201380084977,0.1529393515697172
deallocation_required_cut,158,0.0005566906212819708,26.38,0.011986685815865667,0.055654047674473094,0.15560233831433146
deallocation_required_cut,159,0.0005632368346573108,26.62,0.00996356045892198,0.051000041001216655,0.1492626910977286
deallocation_required_cut,160,0.0006177884724327095,26.82,0.010529713435259647,0.051624130718188534,0.1463794854791594
deallocation_required_cut,161,0.0004982372931283715,27.01,0.011780846446370423,0.05224945359239882,0.14824325610551606
deallocation_required_cut,162,0.0006439941327630547,27.22,0.012033244893759036,0.05376622616882193,0.15310315092642907
deallocation_required_cut,163,0.0004781377043452313,27.43,0.010256331852824017,0.05137995573585173,0.1517658408364883
deallocation_required_cut,164,0.0005291504371897099,27.66,0.011715376415525058,0.053331311870990154,0.15556236760138825
deallocation_required_cut,165,0.0005276498255037246,27.87,0.012401750523691935,0.05222081039456405,0.15134732528576264
deallocation_required_cut,166,0.0006278449081634218,28.1,0.010308494580598758,0.05318047655733826,0.15413271335364806
deallocation_required_cut,167,0.0005621892668450655,28.31,0.01080773774213606,0.053606553606413886,0.1592849962415032
deallocation_required_cut,168,0.000590372087317998,28.53,0.010044015553325087,0.05237270798703742,0.15421210828627857
deallocation_required_cut,169,0.0004933693975052392,28.75,0.010081380817241225,0.0520946071999957,0.15518734911508986
deallocation_required_cut,170,0.0005998797824019862,28.98,0.011862851912130962,0.053300312323603875,0.15478731797250897
deallocation_required_cut,171,0.0005933241068583648,29.2,0.013172345753272805,0.053636154757731445,0.1528560821759803
deallocation_required_cut,172,0.0005648554204007758,29.38,0.013645033447972896,0.05592714045248488,0.15738399384661353
deallocation_required_cut,173,0.0005537339636953472,29.58,0.011797486827730042,0.05495860533869501,0.16128517156569072
deallocation_required_cut,174,0.0007585245486610843,29.79,0.011476921013220514,0.05594059093739344,0.16207242336756378
deallocation_required_cut,175,0.000549342586792647,29.99,0.010128737806212235,0.05300265227388822,0.15648817653805946
deallocation_required_cut,176,0.0006621518444623081,30.22,0.01009078467809958,0.05129224510517523,0.1527163537746044
deallocation_required_cut,177,0.000534276211838899,30.47,0.00805928192995693,0.05054055958872817,0.15291225236485503
deallocation_required_cut,178,0.0005453085858276337,30.7,0.010404208815451652,0.05225672639296714,0.15641351989937216
deallocation_required_cut,179,0.0006326808821695342,30.9,0.014160345997459122,0.05439788129504988,0.1555841824296846
deallocation_required_cut,180,0.003275635326385424,31.12,0.011492802953361865,0.0512223146764523,0.15069502907088053
deallocation_conservative,1,0.06618169670178334,0.2,0.17290072055018973,0.17398617487020596,0.2305478175785258
deallocation_conservative,2,0.023068084523296083,0.3,0.12954512579736502,0.13925724543009524,0.20918579914661053
deallocation_conservative,3,0.017541419168008634,0.38,0.11156789247176692,0.127732086414816,0.19546627670910355
deallocation_conservative,4,0.015772386573019766,0.52,0.10095850508284059,0.11950193306973445,0.18672081579659985
deallocation_conservative,5,0.011640830805600584,0.62,0.0905275307540478,0.11351277920028434,0.18074732914869984
deallocation_conservative,6,0.0113086665537097,0.72,0.0862364356957309,0.10963709319741743,0.17702118370478714
deallocation_conservative,7,0.009727074592920111,0.84,0.08181419575398162,0.10887533325024691,0.17634033365253546
deallocation_conservative,8,0.009440466582383948,0.94,0.0790631515237543,0.1082877343309608,0.17644273627704526
deallocation_conservative,9,0.008609722507436985,1.12,0.07443512571564721,0.10637419634293101,0.1760378925268738
deallocation_conservative,10,0.008336234356490226,1.24,0.07292783307410214,0.10672870361014627,0.17714597816402497
deallocation_conservative,11,0.007305071979935271,1.35,0.06792222168448056,0.1047134112518687,0.17382822581325658
deallocation_conservative,12,0.007259629224965717,1.47,0.0683497305148533,0.10558265665102755,0.17673929926564752
deallocation_conservative,13,0.006670107301608527,1.57,0.06354755576816673,0.10486258577283537,0.17567568000855663
deallocation_conservative,14,0.006138924736165249,1.73,0.062256586434103964,0.10544415712117104,0.17611861011761673
deallocation_conservative,15,0.006276685926266087,1.8,0.06177514272298514,0.10515813370703395,0.17649130943401506
deallocation_conservative,16,0.005738150941239249,1.95,0.06282209848251447,0.10554818130298908,0.17429406640809722
deallocation_conservative,17,0.005600290020406877,2.05,0.06103869367191245,0.10630425692510544,0.17693680794871583
deallocation_conservative,18,0.0056251149378956315,2.18,0.05870433883235991,0.10861953487329354,0.17930592841196807
deallocation_conservative,19,0.005174769235976488,2.29,0.06013886059810417,0.10995698912604521,0.18156170094183632
deallocation_conservative,20,0.004763223917417739,2.45,0.054748102918241844,0.10469861673423111,0.17539153384207506
deallocation_conservative,21,0.006199865185228463,2.55,0.06338834845032365,0.10590335878369068,0.17785341221691325
deallocation_conservative,22,0.005312588587714879,2.69,0.05407773432906715,0.10290482436234412,0.1748776448062704
deallocation_conservative,23,0.0046914386285616455,2.83,0.05189890764296712,0.10184528520609057,0.17471959612388102
deallocation_conservative,24,0.0048369651662653074,2.95,0.052100376367947565,0.1028449992069745,0.1745611194113526
deallocation_conservative,25,0.00439482398310515,3.08,0.05156384407573757,0.10427267875450541,0.1759378099490417
deallocation_conservative,26,0.004303625635207434,3.18,0.05160039599883601,0.10361850989644583,0.17626095037870965
deallocation_conservative,27,0.003887748761911203,3.31,0.04771866286443271,0.10363789120806938,0.17792627573812572
deallocation_conservative,28,0.004368397531099136,3.4,0.05021068780605478,0.10213798329038312,0.17648888194651935
deallocation_conservative,29,0.0038911567107863284,3.55,0.046559139793346645,0.10203703677772463,0.17430186219056454
deallocation_conservative,30,0.004077766619608528,3.65,0.047051618441403646,0.10132466557464442,0.17415046738251946
deallocation_conservative,31,0.0036051501699364673,3.83,0.045831616338256456,0.10273743935315666,0.17607863046749167
deallocation_conservative,32,0.0037852776325139085,3.99,0.04857863375599683,0.1036148394100977,0.17700188131117975
deallocation_conservative,33,0.0038571790496655166,4.07,0.046113074304639526,0.10120699591147427,0.1749223935296739
deallocation_conservative,34,0.0037921657224968017,4.21,0.047287946340482764,0.100878693914708,0.17407080889028703
deallocation_conservative,35,0.0036144020108687023,4.36,0.04732200408210551,0.10088348666053634,0.1740320555637663
deallocation_conservative,36,0.0030489424974176832,4.47,0.0424477031732236,0.09921930071304673,0.17144858573862806
deallocation_conservative,37,0.0039528861528585505,4.62,0.05943753827920005,0.10623673048163855,0.1796829156423964
deallocation_conservative,38,0.00331443374710556,4.7,0.04553167743779873,0.09921848108531324,0.17078896248019934
deallocation_conservative,39,0.002952319430608155,4.8,0.04425174953170757,0.10168734631882015,0.1746390277849172
deallocation_conservative,40,0.003193891651059211,4.9,0.043303655347110795,0.09977736577311197,0.17340952009259172
deallocation_conservative,41,0.0034669499886068916,5.01,0.054283034822347254,0.10430080630358078,0.1763176125657348
deallocation_conservative,42,0.002985423765204347,5.11,0.05202119975279837,0.10201790842660764,0.17296978678842587
deallocation_conservative,43,0.00262202926162823,5.22,0.0420723089903524,0.09960423103637213,0.17126966545022856
deallocation_conservative,44,0.0033936285937866337,5.39,0.041483256924170604,0.10169907294764947,0.17459343945006678
deallocation_conservative,45,0.002780133363630064,5.55,0.04850639604084543,0.10074441738905483,0.17246181862310178
deallocation_conservative,46,0.0030868200622262807,5.65,0.04000817932246622,0.10143693709153521,0.1731081922573573
deallocation_conservative,47,0.002649564886168744,5.77,0.040099745400681855,0.09924540825530344,0.17141423563448177
deallocation_conservative,48,0.0029347760390917668,5.86,0.03933121868548059,0.1000884076600309,0.17178220908435707
deallocation_conservative,49,0.0023973079744129358,5.99,0.033818124934812524,0.09762392952501057,0.17104230505633042
deallocation_conservative,50,0.002315486359839966,6.08,0.03676740413830095,0.09786981589735314,0.16948725714766563
deallocation_conservative,51,0.00246698782233778,6.19,0.04164034209638695,0.09978475478505233,0.17082844538917744
deallocation_conservative,52,0.00250961938776388,6.28,0.038058078181274865,0.10097935381849071,0.17338387502841168
deallocation_conservative,53,0.0024497281520868535,6.39,0.0326246069684271,0.09721380444229531,0.1710004948364143
deallocation_conservative,54,0.0020073324199017537,6.5,0.036743757423976404,0.09848401389618745,0.1718970423527714
deallocation_conservative,55,0.0024428881874559655,6.62,0.036966249170503354,0.09942640614467185,0.17094137832958065
deallocation_conservative,56,0.0023050798628723645,6.74,0.036882989029609355,0.09815643198518689,0.17093391073832032
deallocation_conservative,57,0.00207820117733149,6.85,0.03559353804219038,0.09866850112752718,0.17185270127799274
deallocation_conservative,58,0.0023185086302099354,6.96,0.035085525323735246,0.09786130307297075,0.16894959124301914
deallocation_conservative,59,0.0019688729799270245,7.07,0.034893338856378325,0.09830631241418128,0.17103965779114574
deallocation_conservative,60,0.002028056211277664,7.2,0.03649481987478953,0.09813502398460623,0.16972039145575962
deallocation_conservative,61,0.0027111685171633624,7.35,0.04914000043411355,0.10100727087349363,0.17430713738497136
deallocation_conservative,62,0.0020052413271582996,7.52,0.033133090710058426,0.09599258093345983,0.16925363521117326
deallocation_conservative,63,0.0024012698302738247,7.62,0.04117950491997313,0.09823093911451741,0.1711773495004848
deallocation_conservative,64,0.002160851896286732,7.75,0.036439182849469454,0.09814268783183923,0.17084367620656474
deallocation_conservative,65,0.0020089694475967763,7.83,0.03309148020328196,0.09613747787579202,0.16951082374605703
deallocation_conservative,66,0.002137179567720089,7.93,0.039832539022741316,0.09673084161205879,0.17208441938698674
deallocation_conservative,67,0.0020019411969314192,8.04,0.03296330983342298,0.09582836902140872,0.168452888939158
deallocation_conservative,68,0.0019341096575532027,8.15,0.032343598424129275,0.09606631663354671,0.17095132679835356
deallocation_conservative,69,0.0018159815287382402,8.26,0.0324182720520664,0.0944313461461254,0.16908820988748552
deallocation_conservative,70,0.0022388254707689783,8.41,0.03562121271785651,0.09739104567673358,0.1726313422668717
deallocation_conservative,71,0.0017284324141873743,8.5,0.031591912984134135,0.09634739004010232,0.17082593328311366
deallocation_conservative,72,0.0019028397719249427,8.58,0.04083602071066336,0.09768868969826305,0.1709567883672785
deallocation_conservative,73,0.0022107980245485285,8.76,0.03178698315563247,0.09499047000714515,0.1700608594289522
deallocation_conservative,74,0.0017732919594382667,8.9,0.03423706106466351,0.09548947364420235,0.16941517197693934
deallocation_conservative,75,0.0017480808903479518,8.98,0.03379679903212064,0.09564848958498068,0.16975691583503058
deallocation_conservative,76,0.0018109504986283747,9.07,0.035549536647576804,0.09620082401535687,0.1704085281949804
deallocation_conservative,77,0.0020022182815157053,9.22,0.032740487864890484,0.09463367186694162,0.16988677111475592
deallocation_conservative,78,0.002106841842798958,9.31,0.041601115169382114,0.09476948090017859,0.17042324418732868
deallocation_conservative,79,0.0017435548299087752,9.41,0.029759439209063893,0.09300169760310058,0.1674928798335895
deallocation_conservative,80,0.002079383534960314,9.49,0.04259008053200029,0.09668685736655454,0.1702088406938425
deallocation_conservative,81,0.0016018440480654566,9.65,0.0337195023592712,0.0933090695395923,0.1667926312566
deallocation_conservative,82,0.0017903674735257622,9.76,0.04021571001935373,0.09539360610385046,0.1705415130524873
deallocation_conservative,83,0.0016051806757026272,9.86,0.0338008377897737,0.09290260256921459,0.16614557574114952
deallocation_conservative,84,0.0017635731761817658,10.0,0.04187527784997945,0.09463860167744559,0.16902123684187378
deallocation_conservative,85,0.0017327756614665827,10.09,0.039206711378727874,0.09393739384960033,0.16631349495745157
deallocation_conservative,86,0.0015703498205079777,10.24,0.043090997601208714,0.09500320846160502,0.16964350016690993
deallocation_conservative,87,0.0019115751469816256,10.38,0.028634084587457434,0.09436923134436663,0.16864205028045026
deallocation_conservative,88,0.0017109083023573324,10.5,0.028241130098882464,0.0920364630782232,0.1674314736974521
deallocation_conservative,89,0.0014698798561179804,10.62,0.030701029793656878,0.09321866346820028,0.16799027057108173
deallocation_conservative,90,0.0015685085813097728,10.72,0.029110854350977725,0.09219456413619005,0.16583134786487735
deallocation_conservative,91,0.0013905878397326421,10.81,0.031941496341692514,0.0932534190955905,0.16780039910124067
deallocation_conservative,92,0.0015259239786092065,10.99,0.029967825390754682,0.09168685477080377,0.16555777342961128
deallocation_conservative,93,0.0014110432129371484,11.11,0.029105924122504727,0.09350187064533307,0.16684822795692336
deallocation_conservative,94,0.001434504697495866,11.24,0.028557898890534564,0.09185106803283075,0.16771517325370755
deallocation_conservative,95,0.0014160199132054014,11.39,0.02851591861206696,0.09277531105805317,0.1676632014058959
deallocation_conservative,96,0.0014569611397257703,11.51,0.031000697909909156,0.09142327570647145,0.16537674135889546
deallocation_conservative,97,0.0017087254577430593,11.65,0.029485086756240734,0.09238678275290708,0.1660457632806554
deallocation_conservative,98,0.0016159665070490028,11.78,0.02966415676157065,0.09377530032760135,0.16906460900010872
deallocation_conservative,99,0.0015113327181165836,11.86,0.025699047094877348,0.09066307118023807,0.1656397362611796
deallocation_conservative,100,0.0013762797753942915,11.95,0.026703828624406577,0.09075508750763284,0.165340797569923
deallocation_conservative,101,0.0017563943026104578,12.05,0.030831315335632742,0.09269838182094352,0.16658282404204583
deallocation_conservative,102,0.0018498770009386402,12.18,0.026973084887751214,0.0915181178006012,0.16660029117573422
deallocation_conservative,103,0.0016669154769831424,12.3,0.028058534468398608,0.09059180320764934,0.1650446700287897
deallocation_conservative,104,0.001420826725057361,12.42,0.028368393076809908,0.09051265200796904,0.16479297617870756
deallocation_conservative,105,0.001328194257333595,12.54,0.027455667369245925,0.09142365630177722,0.16586046557957687
deallocation_conservative,106,0.0015139250408997176,12.66,0.030260871135797476,0.09261561871935775,0.16671725881966276
deallocation_conservative,107,0.0014004059123612573,12.75,0.028715405642618597,0.09246300990147478,0.16531110637962204
deallocation_conservative,108,0.0013374881775154023,12.86,0.030571855939797467,0.09226926669019951,0.1662820708520969
deallocation_conservative,109,0.0015052473076333167,12.98,0.036205574912555126,0.09496559477844063,0.1683110612388358
deallocation_conservative,110,0.001530806057232575,13.12,0.027454821516405062,0.09246523469852327,0.1688570501709572
deallocation_conservative,111,0.0017516835667838624,13.25,0.03202520274653286,0.09032739047708951,0.16533884503513482
deallocation_conservative,112,0.0012895312618338105,13.4,0.030502750897993185,0.09236599750772938,0.16707295397916166
deallocation_conservative,113,0.0016990920368801393,13.54,0.032544153418680014,0.08941161143421979,0.16590994280329208
deallocation_conservative,114,0.0013189517991899578,13.64,0.025510514960364886,0.09004048794937201,0.16534244854907973
deallocation_conservative,115,0.0018116418560923991,13.76,0.030378008389043164,0.0888206497298876,0.1634953093347746
deallocation_conservative,116,0.0015124168993346967,13.91,0.028921908430447073,0.08841383274085526,0.16326671283147745
deallocation_conservative,117,0.0013907687611560743,14.03,0.02464696878577116,0.08868470010045876,0.163850561620056
deallocation_conservative,118,0.0013983777551968143,14.1,0.029332209017220025,0.08907163451601365,0.16368872925256236
deallocation_conservative,119,0.0014474814295134266,14.25,0.02534915940447881,0.08849331706107678,0.16347423168038996
deallocation_conservative,120,0.0012444495862344055,14.33,0.02897980053227814,0.08885399279423542,0.16441329758308615
deallocation_conservative,121,0.0013408278543871326,14.41,0.0243222210251149,0.08987867923016149,0.16450723225713576
deallocation_conservative,122,0.0013630733862110122,14.5,0.026825828022588993,0.09095027262490563,0.16775805652102824
deallocation_conservative,123,0.0011724000759351751,14.59,0.026742220330522776,0.0897544904259688,0.1650074008109196
deallocation_conservative,124,0.001240610209548776,14.73,0.02845551204150021,0.0895094330734304,0.16571083458622146
deallocation_conservative,125,0.0013632795749679006,14.83,0.024910204449483785,0.08877657371061,0.16343858615894263
deallocation_conservative,126,0.001269861931952147,14.94,0.025050277324180942,0.0903187812383925,0.16647828016609895
deallocation_conservative,127,0.0011248996366169995,15.04,0.025882729271714946,0.08907156053852239,0.16541906499551892
deallocation_conservative,128,0.0012854728807350335,15.18,0.022669433817698918,0.08892156752483345,0.16498690542306022
deallocation_conservative,129,0.0015413528404871622,15.32,0.026058911245385643,0.0875997049872548,0.16342416708773538
deallocation_conservative,130,0.0012267916695632324,15.44,0.02289646864716928,0.08728403623393745,0.163087556418454
deallocation_conservative,131,0.0012071424834155509,15.53,0.02468259744765446,0.0884606327981077,0.16439978311700865
deallocation_conservative,132,0.0011895684139195733,15.65,0.025261805954775382,0.0877639365213849,0.16432044410489083
deallocation_conservative,133,0.001471740728523109,15.78,0.02948464310640685,0.0881882372703052,0.16398338846198102
deallocation_conservative,134,0.0013024966326181419,15.95,0.027233340450010073,0.08878332998491123,0.16401859993511494
deallocation_conservative,135,0.0013711766118547802,16.06,0.02460856097421798,0.08842583064392455,0.16233499040399188
deallocation_conservative,136,0.001453710252321936,16.16,0.028978223128813946,0.0892594141691414,0.16390402424225478
deallocation_conservative,137,0.001302211664438891,16.28,0.02861011020457909,0.08831682886475545,0.16202018665185272
deallocation_conservative,138,0.0010718946754265202,16.43,0.025107035155292858,0.08793185959790242,0.16283685525893285
deallocation_conservative,139,0.0013667554703706904,16.52,0.02590491937398041,0.08786950929014677,0.16251382196806466
deallocation_conservative,140,0.0017071618404174889,16.59,0.03351177397918559,0.09257115507907959,0.16753330908356337
deallocation_conservative,141,0.0015371785042299188,16.75,0.03250035016765443,0.09273680043124423,0.168083562654479
deallocation_conservative,142,0.0010314373679280058,16.85,0.026833455529425176,0.08909539182673769,0.16361576640319558
deallocation_conservative,143,0.0016164892908950524,16.97,0.03818708575917905,0.09604626268509332,0.17270778257912855
deallocation_conservative,144,0.0011153275053612053,17.1,0.023390565265322894,0.08844738341845747,0.16531064363285244
deallocation_conservative,145,0.0014190671064074597,17.24,0.02840580041765882,0.09138193330914428,0.16804866553161846
deallocation_conservative,146,0.0011636761717746826,17.36,0.0273414534557104,0.09014713306670637,0.16728396656773445
deallocation_conservative,147,0.0012018463837764547,17.47,0.023510649608434922,0.0869919585191786,0.16277437950882617
deallocation_conservative,148,0.0014151617192814357,17.57,0.03314739459695641,0.09207063561430585,0.16908870710290602
deallocation_conservative,149,0.0010782607832506782,17.72,0.024827455225030267,0.08908598990618277,0.16600499771590183
deallocation_conservative,150,0.0011694960988628497,17.81,0.027430203001466126,0.09021208261624347,0.1659492486657922
deallocation_conservative,151,0.0011853206376022604,17.92,0.029562189831500205,0.09166610065953165,0.16905673285034725
deallocation_conservative,152,0.0009789043998669944,18.06,0.025251588200398092,0.08865887373258848,0.16602517686240775
deallocation_conservative,153,0.0010778691434990353,18.22,0.02669614412997486,0.08991552348680025,0.16587087305064047
deallocation_conservative,154,0.0011355474502350437,18.34,0.029080672477818273,0.09130803429137366,0.167372016952934
deallocation_conservative,155,0.0009441318588545638,18.44,0.026835747531174525,0.08929676188226228,0.16791572951765205
deallocation_conservative,156,0.0012167600805275355,18.6,0.026479132616973235,0.08727474914630003,0.1635941569172704
deallocation_conservative,157,0.00110958170942746,18.72,0.025515525293025015,0.0870889050667167,0.16261683090389797
deallocation_conservative,158,0.0010297210107809707,18.82,0.0269671709877579,0.08830095951994776,0.1654990849524094
deallocation_conservative,159,0.001043176795193887,18.89,0.02503844406067669,0.08674478609928524,0.16282722645450767
deallocation_conservative,160,0.0014200250063041353,18.96,0.02318767585092135,0.0869737187729514,0.16323777490747193
deallocation_conservative,161,0.0009666142102305498,19.12,0.02381789797515737,0.08727923685312594,0.16280643250356097
deallocation_conservative,162,0.0011873969670046685,19.24,0.02441960448002248,0.08613449759252553,0.16411832320200975
deallocation_conservative,163,0.0011046121937350198,19.39,0.023962008239823404,0.08688335474949505,0.1631968632616245
deallocation_conservative,164,0.001230149696170035,19.51,0.02765071929024795,0.08798897458397636,0.16494718634413308
deallocation_conservative,165,0.0011723034558599732,19.62,0.026360195031278625,0.08836394788947216,0.16418447847492076
deallocation_conservative,166,0.0011534888681819675,19.73,0.027108753561189976,0.08889449498770731,0.16679969003927803
deallocation_conservative,167,0.0012825528190429666,19.9,0.03261975724221627,0.09197062039462939,0.1690958537024368
deallocation_conservative,168,0.0012160627171440336,20.01,0.03235566843939195,0.0918185141273427,0.1695700488157759
deallocation_conservative,169,0.0014806156053825664,20.13,0.036986497438234546,0.09358870785696947,0.17063907018750216
deallocation_conservative,170,0.0016766305682783655,20.26,0.033900642962682345,0.09268775512358628,0.1709743249708082
deallocation_conservative,171,0.0020690117099738284,20.41,0.03019119573226927,0.08713831895858383,0.1656820644338001
deallocation_conservative,172,0.0021910754755541263,20.53,0.044199206433048435,0.0916639222457684,0.16851775443634046
deallocation_conservative,173,0.0014141263038415228,20.65,0.025757594841215422,0.08456931404161652,0.16283540314942657
deallocation_conservative,174,0.0009755826079853808,20.77,0.02417045044360553,0.08801650625391731,0.16620674684228331
deallocation_conservative,175,0.001114203472117282,20.91,0.025877983079537387,0.08774842183246244,0.16705591891399496
deallocation_conservative,176,0.0015415653830253204,21.02,0.02594960630745617,0.08681620244586769,0.16588672951591912
deallocation_conservative,177,0.00155468839882127,21.17,0.026303959397345866,0.08611723387710529,0.16484116739691523
deallocation_conservative,178,0.0018679383720804266,21.28,0.049655214682761004,0.09318031505921359,0.16920613456870437
deallocation_conservative,179,0.0015828236433337846,21.4,0.04085590793741603,0.09033108098578986,0.16597738971416942
deallocation_conservative,180,0.0009672532752063436,21.55,0.022945274265159715,0.08563594780232425,0.1639450702246663
